subreddit,num_comments,num_words,num_chars,avg_word_length,avg_words_per_comment,positive_score,negative_score,godwins_score,swear_score,num_comments_topcom,num_words_topcom,num_chars_topcom,avg_word_length_topcom,avg_words_per_comment_topcom,positive_score_topcom,negative_score_topcom,godwins_score_topcom,swear_score_topcom,num_comments_botcom,num_words_botcom,num_chars_botcom,avg_word_length_botcom,avg_words_per_comment_botcom,positive_score_botcom,negative_score_botcom,godwins_score_botcom,swear_score_botcom,num_comments_topauth,num_words_topauth,num_chars_topauth,avg_word_length_topauth,avg_words_per_comment_topauth,positive_score_topauth,negative_score_topauth,godwins_score_topauth,swear_score_topauth,num_comments_toppos,num_words_toppos,num_chars_toppos,avg_word_length_toppos,avg_words_per_comment_toppos,positive_score_toppos,negative_score_toppos,godwins_score_toppos,swear_score_toppos,num_comments_topneg,num_words_topneg,num_chars_topneg,avg_word_length_topneg,avg_words_per_comment_topneg,positive_score_topneg,negative_score_topneg,godwins_score_topneg,swear_score_topneg,num_comments_topgod,num_words_topgod,num_chars_topgod,avg_word_length_topgod,avg_words_per_comment_topgod,positive_score_topgod,negative_score_topgod,godwins_score_topgod,swear_score_topgod
golf,48747,1454411,7748838,5.32781861523,29.8359078507,26.9669302556,9.04077320647,10.3134533498,28.5751414146,2389,60587,324957,5.36347731362,25.360820427,26.3257794576,12.7750177431,33.0103817651,53.9719741859,1354,34862,186820,5.35884343985,25.7474150665,23.980265045,13.280936263,0.0,55.6479834777,20857,662377,3523745,5.31984806236,31.7580188905,26.5543640555,9.13377125112,4.52914276915,29.3639422866,17819,596364,3161034,5.30051109725,33.4678713733,54.8306068106,8.35898880549,5.03048473751,26.9466299106,7897,308844,1621169,5.24915167528,39.1090287451,24.6823639119,35.3511805313,22.6651642901,79.1338021784,13,792,4276,5.39898989899,60.9230769231,16.4141414141,15.1515151515,18939.3939394,50.5050505051,
Boxing,20500,536918,3000030,5.58750125718,26.1911219512,28.4866590429,21.3310039894,9.3124089712,38.3112505075,999,36187,200953,5.55318208196,36.2232232232,27.330256722,20.5322353331,0.0,43.9384309282,909,26179,145591,5.56136598037,28.799779978,27.3883647198,24.8290614615,0.0,50.0401084839,9644,284916,1580887,5.54860730882,29.5433430112,28.4294318325,21.178171812,7.01961279816,36.2563001025,7116,233461,1286165,5.50912143784,32.8078976953,55.289748609,20.213226192,0.0,35.2521406145,6229,251857,1383545,5.49337520895,40.4329747953,26.3879900102,42.4407501082,3.97050707346,69.2853484318,4,155,879,5.67096774194,38.75,0.0,12.9032258065,32258.0645161,193.548387097,
Conservative,33084,1416244,8338004,5.88740640737,42.8075202515,20.1031743118,13.7320970115,122.154092091,23.3081305199,1554,68142,399536,5.86328549206,43.8494208494,19.1511842916,15.0567931672,176.102844061,28.9102169,1337,52553,307952,5.85983673625,39.3066566941,19.7895457919,16.0980343653,152.227275322,29.874602782,15935,790278,4642533,5.87455680153,49.5938500157,20.4535619111,14.1684318683,101.230200006,21.6759165762,9480,425417,2464382,5.7928620624,44.8752109705,46.0724418629,13.41977401,122.233009024,24.2350446738,8453,496389,2868228,5.77818605972,58.7234118065,19.6982608398,32.3435853736,132.960238845,45.9518643644,138,11286,71227,6.31109339004,81.7826086957,17.4552542974,15.328725855,15328.725855,77.086656034,
DeepIntoYouTube,7460,265026,2060790,7.77580312875,35.5262734584,26.2012029008,13.0024978681,60.3714352554,19.658448605,371,5548,32470,5.85255948089,14.9541778976,36.2292718097,15.8615717376,180.245133381,75.7029560202,321,5433,35889,6.6057426836,16.9252336449,29.4496594883,18.0379164366,184.060371802,71.7835450028,3689,215274,1748627,8.1227969936,58.3556519382,24.8938562019,12.6118342206,41.8071852616,6.78205449799,3567,186644,1525149,8.1714333169,52.325203252,35.4846659952,14.4874734789,21.4311737854,11.8407235164,932,33173,235363,7.09501703192,35.5933476395,28.6377475658,39.188496669,120.579989751,104.301691134,15,737,6473,8.7829036635,49.1333333333,16.2822252374,18.9959294437,21709.6336499,94.9796472185,
democrats,4559,160806,958486,5.9605114237,35.2722088177,21.6285461985,11.2433615661,49.7493874607,15.8576172531,149,6617,39043,5.9004080399,44.4093959732,25.691400937,14.8103370107,151.125887865,33.2476953302,186,7379,43217,5.85675565795,39.6720430108,25.4777070064,11.6546957582,0.0,13.5519718119,2388,82404,476441,5.78177030241,34.5075376884,21.9528178244,11.4436192418,0.0,17.1108198631,1225,54885,316660,5.76951808327,44.8040816327,47.5357565819,10.8955087911,18.2199143664,12.2073426255,818,44615,257297,5.7670514401,54.5415647922,20.9570772162,31.0881990362,67.2419589824,39.6727557996,6,519,3028,5.83429672447,86.5,13.4874759152,21.1946050096,15414.2581888,57.8034682081,
relationships,360753,21649002,119358290,5.51333913683,60.0105945065,25.0623562232,14.450412079,4.38819304465,30.0997708809,17796,1295785,6996651,5.39954622102,72.8132726455,24.3173057259,15.6947333084,5.40213075472,35.546020366,17807,904722,4875113,5.38852045159,50.8070983321,24.4262878542,15.6512166168,5.52655953984,35.9447432471,159366,10679491,57582306,5.39185865693,67.0123552075,24.6797342682,14.8424676794,4.02640912381,31.9050786222,131001,9329169,50016466,5.36129916823,71.2144869123,43.3690289028,14.0548423981,3.21572049986,29.5578309279,110250,8549336,46147408,5.39777685659,77.5449977324,24.3962806,29.4963257965,3.62601259326,49.815564624,79,6906,38033,5.50724008109,87.417721519,21.7202432667,13.4665508254,13756.1540689,81.0889081958,
GlobalOffensive,408570,9362994,53766054,5.74239970676,22.9164990087,25.46834912,13.4639624889,15.2728924103,35.8880930608,19421,432155,2435914,5.63666739943,22.2519437722,27.7169071282,15.7096412167,18.5118765258,50.0746260022,20342,396576,2171419,5.47541707012,19.4954281782,28.8998829985,18.6496409263,17.6510933592,65.0568869523,188354,4468164,25074031,5.61170785137,23.7221614619,26.6565864637,14.2792431075,21.037723772,40.4349527009,118100,3369665,18218972,5.4067606127,28.5323031329,59.1770992072,13.4206219313,15.4318010841,37.7901067317,74929,2645191,14328268,5.41672340485,35.3026331594,24.8050140803,41.4582538652,14.3656923073,102.132511414,132,4751,27694,5.82908861292,35.9924242424,26.5207324774,17.0490423069,30098.9265418,225.215744054,
UIUC,4707,174280,973396,5.58524213909,37.0257063947,24.4549001607,7.4994262107,11.4757860913,13.5414275878,232,8866,49934,5.63207759982,38.2155172414,22.6708775096,10.2639296188,0.0,15.790660952,227,6026,33900,5.62562230335,26.5462555066,23.7305011616,9.79090607368,0.0,41.4868901427,1454,55514,310470,5.59264329719,38.1801925722,23.0212198725,7.54764563894,36.0269481572,14.4107792629,1612,69193,381271,5.51025392742,42.9236972705,48.198517191,7.74644834015,28.9046579856,14.4523289928,637,29786,164414,5.51984153629,46.759811617,24.2060028201,32.1963338481,33.5728194454,52.7093265292,2,164,990,6.03658536585,82.0,30.487804878,12.1951219512,12195.1219512,182.926829268,
Showerthoughts,275695,5543716,31302508,5.64648477664,20.1081484974,22.4609269306,12.736943956,58.2641679336,48.4620785047,13766,322294,1842787,5.71772046641,23.4123202092,22.0264727237,12.8516199495,83.7744419691,58.5800542362,8712,181884,1030474,5.6655560687,20.8774104683,22.2394493193,17.7750654263,87.9681555277,71.9689472411,90592,2046935,11522532,5.62916360314,22.5950966973,22.3372994257,12.9667038768,63.9981240245,48.2868288441,65851,1781689,9855511,5.5315551704,27.0563696831,58.3317290504,12.1828220301,56.6877833337,46.5457215036,43921,1510616,8342240,5.5224094012,34.3939345643,21.0185778517,42.2662013377,68.8460866296,118.031319674,291,12901,79685,6.17665297264,44.3333333333,21.2386636695,16.3553212929,25036.8188513,89.140376715,
hockey,329506,6653326,37214084,5.59330536336,20.1918204828,28.704290155,13.9542237972,11.7234598154,49.2280101712,16146,344767,1935859,5.61497765157,21.3530905487,29.2081318688,15.1696653102,23.2040769563,60.0115440283,13900,302218,1670867,5.52868128305,21.7423021583,28.8930507117,17.133327598,13.2354790251,64.5891376424,172481,3673283,20616512,5.61255748604,21.2967399308,28.5322421387,13.9455631379,11.9783855478,48.9698180075,103008,2779049,15111015,5.43747699303,26.978962799,60.8283625082,12.6554083789,7.19670649924,41.0716039911,63322,1845414,10050619,5.44626788352,29.1433309118,26.7809824787,46.2595385101,10.2957927056,145.788424711,72,2470,14279,5.78097165992,34.3055555556,16.5991902834,17.4089068826,31578.9473684,133.603238866,
olympics,477,19582,115149,5.88034930038,41.0524109015,23.2866918599,11.3369420897,102.13461342,22.9802880196,22,569,3631,6.38137082601,25.8636363636,14.0597539543,7.02987697715,0.0,0.0,21,416,2489,5.98317307692,19.8095238095,36.0576923077,9.61538461538,0.0,72.1153846154,132,9312,52374,5.6243556701,70.5454545455,24.4845360825,13.4235395189,214.776632302,25.7731958763,158,6868,38674,5.63104251602,43.4683544304,48.485730926,11.939429237,0.0,26.2085032033,95,4882,27483,5.62945514134,51.3894736842,21.5075788611,32.5686194183,409.668168783,65.5469070053,1,214,1166,5.44859813084,214.0,9.34579439252,18.691588785,9345.79439252,46.7289719626,
soccer,971711,16751846,93969426,5.6094967683,17.2395352116,29.9016597932,16.0589465782,41.3685751409,62.9088877727,47588,936662,5340254,5.70136719542,19.6827351433,28.6421355836,16.8289094679,57.6515327834,71.1569381484,43526,848400,4754481,5.60405586987,19.4917980058,29.2244224422,18.9179632249,54.2197076851,79.9622819425,498599,8965251,50096962,5.58790400849,17.9808844382,30.4239111655,16.6033276704,41.4935398909,66.7990221356,288157,7032109,38604336,5.48972377988,24.4037417102,64.3981769907,14.0122970221,33.7025492637,49.8172027766,188398,4953643,27241492,5.499284466,26.2935009926,26.7568736786,51.0087222676,43.8061442861,177.265499351,614,24504,144099,5.88063173359,39.9087947883,21.2618348025,17.5481554032,28281.0969638,155.892915442,
uofm,799,37130,212521,5.72370051172,46.4705882353,23.3503905198,6.97549151629,0.0,8.88769189335,32,3279,19280,5.87984141507,102.46875,15.8584934431,10.6739859713,0.0,18.2982616651,25,653,3618,5.54058192956,26.12,24.5022970904,7.65696784074,0.0,30.6278713629,250,12333,71144,5.76858834023,49.332,23.2708992135,5.91907889402,0.0,3.24333090084,279,12689,70213,5.53337536449,45.4802867384,47.679092127,8.27488375759,0.0,10.2450941761,103,5803,32257,5.55867654661,56.3398058252,24.6424263312,28.778218163,0.0,43.0811649147,1,1,0,0.0,1.0,0.0,0.0,0.0,0.0,
Bowling,2910,124255,669063,5.38459619331,42.6993127148,23.1700937588,7.87091062734,8.04796587662,24.7877349,118,6029,32457,5.3834798474,51.093220339,21.0648532095,7.79565433737,0.0,43.1248963344,55,1294,6997,5.40726429675,23.5272727273,26.2751159196,7.72797527048,0.0,23.1839258114,1242,59571,322313,5.41056890098,47.9637681159,22.6284601568,7.23506404123,16.786691511,20.9833643887,1050,44783,239968,5.35846191635,42.6504761905,49.0811245339,8.82031127883,0.0,22.9997990309,497,24395,129775,5.31973765116,49.0845070423,24.1852838696,30.1291248207,0.0,40.9920065587,1,5,31,6.2,5.0,0.0,0.0,200000.0,0.0,
gifs,293521,4818455,27575015,5.72279184925,16.4160485962,24.5597395846,13.9600764145,46.4879302598,58.3215989358,14424,253851,1482059,5.83830278392,17.5992096506,24.2662034028,14.3391201926,39.3931873422,66.889632107,10961,185211,1045746,5.64624131396,16.8972721467,25.4196564999,19.9340211974,118.783441588,86.0100102046,81999,1596209,9176966,5.74922582193,19.4662008073,24.0783005233,14.6973234708,60.1425001363,58.6514673204,70184,1526330,8399566,5.50311269516,21.747549299,66.5367253477,13.4702194152,41.27547778,55.9774098655,45952,1292432,7077123,5.47581845699,28.1256963788,22.1783428451,48.6741275363,42.5554303824,162.00465479,193,7137,41105,5.75942272664,36.9792746114,20.3166596609,15.8329830461,31385.7363038,156.928681519,
Republican,4217,173693,1020297,5.87414000564,41.1887597818,22.1252439649,12.2054429367,97.8738348696,13.0114627532,197,7904,46411,5.87183704453,40.1218274112,22.3937246964,15.6882591093,0.0,12.6518218623,185,7371,42520,5.76855243522,39.8432432432,26.048026048,14.3806810473,0.0,27.1333604667,1890,83021,491343,5.91829778008,43.9264550265,20.524927428,11.7921971549,72.2708712254,10.8406306838,1309,58993,342487,5.80555320123,45.0672268908,45.7850931466,11.1369145492,84.7558184869,15.7645822386,922,54787,316746,5.78140799825,59.4219088937,20.7348458576,30.8832387245,146.020041251,23.9107817548,12,1965,12348,6.28396946565,163.75,21.3740458015,11.7048346056,8651.39949109,25.4452926209,
progressive,4833,224585,1324896,5.89930761182,46.4690668322,21.2035532204,13.9679853953,66.7898568471,23.1983436116,218,9772,59240,6.06221858371,44.8256880734,17.6013098649,18.0106426525,511.665984445,31.7232910356,217,8999,52378,5.82042449161,41.4700460829,21.4468274253,14.3349261029,111.123458162,24.4471607956,1808,89776,523661,5.83297317769,49.6548672566,20.4731776867,13.5671003386,66.8330065942,24.7282124399,1370,70726,412917,5.83826315641,51.6248175182,44.4532420892,12.9513898708,70.6953595566,24.1778129684,1244,79330,462517,5.83029118871,63.770096463,19.4630026472,31.6651960166,138.661288289,45.8842808521,13,3197,17005,5.31904910854,245.923076923,22.5211135439,23.1467000313,4691.89865499,78.1983109165,
nfl,262409,6539149,36533747,5.586926831,24.9196826328,27.9348276052,13.5965704406,6.72870430082,38.8460333294,12915,291065,1659356,5.70098088056,22.5369725126,26.8840293405,14.2992115163,3.43565870166,53.0809269407,10405,252570,1392581,5.51364374233,24.2739067756,29.2948489528,16.054955062,23.7557904739,53.2129706616,129500,3632586,20386398,5.61208956925,28.0508571429,27.9407011974,13.3673366577,3.57871775094,37.1443373949,85993,2810805,15332871,5.45497499827,32.6864395939,55.7114420958,12.883497788,3.55769966255,35.8829587965,53522,1956794,10685753,5.46084718167,36.5605545383,26.4621620876,40.112551449,6.64351996173,100.62377542,44,1644,9283,5.64659367397,37.3636363636,18.2481751825,17.6399026764,26763.9902676,79.0754257908,
AskReddit,4595728,118796758,664246384,5.5914521169,25.8493883885,22.5630820666,13.9318700936,81.1975020396,50.7660318474,222830,7760989,42698708,5.50170964036,34.8291926581,21.4646612693,14.6864014367,78.8559293152,58.2361345957,113383,2770430,15589364,5.62705572781,24.434262632,22.8913923109,18.193204665,160.263930148,73.0969560682,2222489,56508996,310909422,5.50194560172,25.4259958092,23.432799974,14.7266994445,79.8810865442,55.2096165361,1168893,38414573,209789837,5.46120444968,32.8640628355,54.2791924304,13.7080529308,69.0623321519,49.4650819105,889964,37403100,203264899,5.43443989937,42.0276550512,21.5640949547,38.5595311619,84.9929551294,110.893214734,8026,518449,2974942,5.73815746583,64.596187391,19.6875681118,16.2793254496,18605.4944652,74.2406678381,
Libertarian,51311,2167510,12874161,5.93960858312,42.2425990528,23.219270038,11.7000613607,107.957979433,24.7565178477,2401,98272,574901,5.85009972322,40.9296126614,25.1852002605,12.8419081732,61.0550309345,34.2925757082,1966,70555,422204,5.98404081922,35.8875890132,23.2159308341,15.8032740415,325.986818794,49.6066898165,25450,1145778,6830525,5.96147333951,45.0207465619,22.6893866002,11.8181707102,138.770337709,25.2754023903,16618,785759,4598365,5.85213150597,47.2836081358,47.1009558911,11.045371418,101.812387768,23.3532164442,11131,606824,3541291,5.83577940226,54.5165753302,22.0080286871,32.4377414209,115.354699221,65.35667673,189,18751,113603,6.05850354648,99.2116402116,19.9989333902,13.5992747053,12479.3344355,93.328355821,
cringe,26705,557107,3168800,5.68795581459,20.8615240592,25.5354895918,16.0023119437,35.8997463683,63.9194984087,1333,34425,191757,5.5702832244,25.8252063016,25.5628177197,18.0101670298,0.0,92.3747276688,1187,22881,127277,5.56256282505,19.2763268745,26.5285608146,18.9677024606,87.4087670993,76.0456273764,6430,161191,912175,5.6589697936,25.0685847589,26.0994720549,17.1597669845,12.4076406251,66.0086481255,7514,206804,1139208,5.50863619659,27.5224913495,59.2396665442,15.8314152531,38.6839712965,63.6351327827,5584,186429,1026156,5.50427240397,33.386282235,25.0604787882,44.5263344222,26.8198617168,146.275525803,20,2022,11244,5.56083086053,101.1,29.1790306627,13.8476755687,9891.19683482,54.4015825915,
pokemongo,25331,695483,3805082,5.47113588686,27.4558051399,24.3844925038,7.50845096142,5.75139866826,11.9053952433,1162,32307,177373,5.49023431454,27.8029259897,25.3505432259,9.22400718111,0.0,13.9288699044,846,22305,122697,5.50087424344,26.365248227,24.2098184264,10.3564223268,44.8329970859,31.831427931,11995,372490,2047332,5.49634084136,31.0537724052,24.3228006121,7.26462455368,8.05390748745,11.1949314076,7988,253249,1361417,5.37580405056,31.7036805208,54.9143333241,7.17475685985,3.94868291681,11.6486146046,3225,120284,647229,5.38084034452,37.2973643411,22.5216986465,35.2249675767,24.9409730305,39.4898739649,4,357,1917,5.36974789916,89.25,16.8067226891,33.6134453782,11204.4817927,196.078431373,
gaming,479079,10845326,60056669,5.53756235636,22.6378655712,27.581190275,13.579766989,24.4344891062,46.7049123281,23925,536468,3051924,5.6889208676,22.4229049112,25.7685453746,14.5432719193,35.4168375374,60.1899833727,19209,431562,2393807,5.5468437907,22.4666562549,26.7887348747,17.7517946436,41.7089549126,77.8335441953,162908,4493910,24860119,5.53195747133,27.5855697694,27.2862607395,13.5710327977,24.2550473864,44.9630722467,146905,4515805,24634592,5.45519392445,30.7396276505,56.900818348,12.486145881,15.0582232847,41.8397162854,89429,3255435,17763372,5.45652792945,36.4024533429,25.1877245284,40.6984012889,26.1101818958,119.719791671,237,11594,66193,5.70924616181,48.9198312236,21.2178713127,15.6977747111,22856.6499914,140.589960324,
NoMansSkyTheGame,45662,1336191,7502693,5.61498543247,29.2626472778,24.3662769769,8.5257272351,19.4582960071,18.1411190466,2098,61193,350461,5.72714199337,29.1673021926,23.8589381138,9.82138479891,49.0252153024,26.6370336476,2096,57866,317661,5.48959665434,27.6078244275,22.4138526942,11.3710987454,0.0,38.191684236,24458,791356,4423870,5.59024004367,32.3557118325,23.3182031854,8.35148782596,13.9001915699,16.2884972124,14413,491400,2692865,5.47998575499,34.0942204954,53.6691086691,8.49816849817,28.49002849,18.1115181115,6503,256113,1401637,5.47272883454,39.383822851,23.4701088972,35.9567847005,11.7135795528,65.4789097,22,688,3872,5.62790697674,31.2727272727,36.3372093023,5.81395348837,37790.6976744,43.6046511628,
nba,954025,18740256,102478371,5.46835491468,19.6433594507,31.0538447287,15.9203801698,8.53777024177,58.138480072,46953,1037503,5764733,5.55635309006,22.0966285434,29.826419779,16.3806755258,17.3493474236,65.5901717875,46961,1056467,5774935,5.46627107141,22.4966887417,30.4287781824,18.4492274723,8.51895989179,72.9980207617,494427,10450787,56882043,5.44284779701,21.1371688844,31.3440509313,16.1977275013,8.61179162871,58.2587703682,309992,8598586,46362248,5.3918455895,27.7380900152,60.9513005976,14.2025677245,5.69861137634,45.961045223,199629,5934291,32010110,5.3940917289,29.726597839,28.4492283914,46.6478640835,8.93114274308,150.535253495,147,6673,37467,5.61471601978,45.3945578231,26.3749438034,20.2307807583,23977.2216394,91.4131575004,
fantasyfootball,21497,861230,4651231,5.40068390558,40.0627994604,25.8572042312,8.99759646088,1.16113001173,12.0525295217,1014,43865,242556,5.52960218853,43.2593688363,24.3246323948,9.87119571412,0.0,16.6419696797,732,19927,107412,5.39027450193,27.2226775956,26.0952476539,12.6461584784,0.0,25.5934159683,9278,429988,2311249,5.37514767854,46.3449019185,26.2193363536,9.158395118,0.0,10.0700484665,7883,367779,1966670,5.34742331672,46.6546999873,47.743345868,8.58667841285,0.0,12.0452771909,3874,192244,1025134,5.33246291172,49.6241610738,24.8382264206,30.731778365,0.0,35.7358357088,1,3,14,4.66666666667,3.0,0.0,0.0,333333.333333,0.0,
space,47756,1364144,8153190,5.97678104364,28.5648714298,19.1358097092,6.89296731137,31.5215988928,11.8535873046,2276,83368,504287,6.0489276461,36.6291739895,19.9836867863,7.65281642837,71.9700604549,15.1137126955,1655,54536,319299,5.85482983717,32.952265861,17.9514449171,8.59982396949,36.673023324,20.5368930615,10865,593353,3584177,6.04054753241,54.6114127934,16.6393361119,6.42113547922,28.650735734,7.21324405539,10174,381186,2235708,5.86513670492,37.466679772,49.3407417901,6.80245339546,20.9871296427,14.8221603102,4914,208735,1196985,5.7344719381,42.4776149776,19.0911921815,33.2383165257,67.0706877141,49.9197547129,28,2072,12898,6.2249034749,74.0,14.9613899614,10.1351351351,20752.8957529,159.266409266,
wow,180813,6304463,34833134,5.52515479907,34.8673104257,26.0972266789,11.4683835879,12.2135699742,21.349954786,8695,297603,1674736,5.62741639029,34.2269120184,25.8633145499,12.2982631223,13.4407247239,30.7792596177,7546,227725,1256272,5.51661872873,30.1782401272,26.7252168185,14.6404654737,13.1737841695,39.301789439,81753,3171426,17585087,5.54485174808,38.7927782467,24.8279480587,11.6707752286,14.1892006939,21.3689362451,63903,2640665,14429335,5.46428077776,41.3230208284,50.4024554421,11.0267678785,4.92300234979,20.9189730617,36049,1772923,9686125,5.46336473722,49.1809204139,24.5041662836,33.623005624,21.9975712425,56.1840531145,58,7281,43059,5.91388545529,125.534482759,17.030627661,20.3268781761,10575.4704024,45.3234445818,
wikipedia,2011,50987,307907,6.03893149234,25.3540527101,21.9859964305,11.4539000137,235.354109871,28.4386216094,97,3601,21803,6.05470702583,37.1237113402,18.0505415162,10.2749236323,0.0,22.2160510969,94,1663,9937,5.97534576067,17.6914893617,23.4515935057,25.2555622369,1202.64582081,78.1719783524,391,14318,85058,5.94063416678,36.6189258312,23.4669646599,12.8509568375,488.895097081,32.1273920939,532,15892,93012,5.8527561037,29.8721804511,54.6186760634,9.94210923735,503.397936068,23.2821545432,334,13262,77540,5.84678027447,39.7065868263,19.9064997738,38.0787211582,301.613632936,84.4518172221,11,319,1775,5.56426332288,29.0,40.7523510972,21.9435736677,37617.5548589,94.0438871473,
socialism,27502,1231079,7407582,6.01714593458,44.7632535816,21.7613979282,12.5052900748,277.805079934,25.4979574828,1323,59395,356958,6.00989982322,44.8941798942,22.6281673542,14.6645340517,370.401548952,38.0503409378,1141,38370,229607,5.98402397707,33.6283961437,21.0581183216,17.3051863435,156.372165754,35.7049778473,10757,507963,3043223,5.99103281144,47.2216231291,21.7850512734,12.7154930576,305.140335024,28.6635050191,8351,396739,2340907,5.90037026861,47.5079631182,45.9445630503,11.927236798,254.575426162,27.5495980985,6364,381249,2253997,5.91213878594,59.9071338781,20.7056280803,31.8453294304,317.377881647,60.6427820139,242,34825,208816,5.99615218952,143.904958678,19.8994974874,15.7071069634,9820.53122757,49.1026561378,
meirl,15490,276754,1713460,6.19127456152,17.8666236281,20.2779363623,8.91044031884,43.3598069043,39.8187560071,761,9038,52994,5.86346536844,11.876478318,29.0993582651,17.7030316442,0.0,65.2799291879,509,7413,43407,5.85552407932,14.5638506876,24.0118710374,16.727370835,134.898151895,94.4287063267,3856,54594,328712,6.02102795179,14.1581950207,29.1973476939,14.085796974,91.5851558779,64.4759497381,3106,57784,329323,5.69920739305,18.603992273,74.553509622,13.4812404818,17.3058286031,54.1672435276,1852,39525,219565,5.5550917141,21.3417926566,24.7185325743,59.8861480076,50.6008855155,218.848829855,11,301,1849,6.14285714286,27.3636363636,19.9335548173,19.9335548173,39867.1096346,299.003322259,
leagueoflegends,750947,21050568,115711028,5.49681262757,28.0320288915,29.684187144,15.03213595,11.0685849427,34.9106969465,37372,969753,5448486,5.61842654779,25.9486513968,30.2644075347,15.1358129338,17.530237081,44.4443069524,35377,924875,5041979,5.45152480065,26.1433982531,30.5803486958,17.5796729288,27.0306798216,56.4076226517,365347,11290653,61753224,5.46941120235,30.9039160031,29.7935823552,15.5299255056,11.0711045676,35.8792356828,264175,9850994,53167165,5.39713708079,37.2896526923,54.6820960403,14.2856649796,9.94823466546,32.4231240015,172018,7467575,40189546,5.38187376759,43.4115906475,27.8347388543,37.7180008236,10.5790701801,77.5552974024,214,7570,42500,5.6142668428,35.3738317757,29.5904887715,18.0977542933,30779.3923382,150.594451783,
worldnews,731595,25143478,150298785,5.97764497815,34.3680287591,19.6921841919,14.1725023086,188.279441691,35.8856479601,35792,1321809,7819370,5.9156580111,36.9302916853,19.8379644865,14.6586987984,189.134738831,41.556684816,36394,1131553,6627400,5.85690639325,31.0917458922,20.7140098608,17.3893754866,267.773581971,50.2848739741,280019,11546176,67594349,5.85426283126,41.2335448666,19.6493626981,14.4973539291,224.836344085,34.0277161893,189699,7219380,41507754,5.74949012242,38.0570271852,48.7676227044,14.3340563871,193.645437697,38.3647903283,172223,8621361,49794099,5.77566569826,50.0592894097,19.3401018702,35.3447674909,219.454909729,77.8809749412,3717,358941,2145184,5.97642509493,96.5673930589,17.8190844735,16.1057109664,13188.7970446,66.3340214687,
UVA,306,17562,99177,5.64724974376,57.3921568627,28.8122081767,4.61223095319,0.0,6.26352351668,13,1943,11185,5.7565620175,149.461538462,26.762738034,6.17601646938,0.0,10.2933607823,10,84,545,6.4880952381,8.4,0.0,0.0,0.0,0.0,56,3500,19283,5.50942857143,62.5,29.7142857143,4.28571428571,0.0,11.4285714286,134,9079,50929,5.60953849543,67.7537313433,44.4982927635,4.84634871682,0.0,7.7101002313,26,1812,10126,5.58830022075,69.6923076923,29.2494481236,28.1456953642,0.0,16.5562913907,1,1,0,0.0,1.0,0.0,0.0,0.0,0.0,
pcmasterrace,743382,15399309,87190292,5.66196132567,20.7152029508,32.02163162,9.78686770945,14.2214173376,25.9440212545,35380,880251,5016013,5.69838943665,24.8799039005,24.41917135,12.5191564679,26.1289109584,44.8508436798,16201,397528,2232742,5.61656537401,24.537250787,24.9215149625,14.7939264656,35.2176450464,53.782375078,364466,9072432,52143977,5.7475191878,24.8923959985,28.4226985664,9.58607350267,11.6837469821,25.9235891765,262768,6550052,36225169,5.53051624628,24.9271296353,66.7915308153,9.03244737599,13.1296667568,23.4349284555,97688,3221832,17516422,5.43678937946,32.9808369503,27.1150078589,41.0403149512,26.6928877732,93.1364515592,187,19066,108577,5.69479702087,101.957219251,24.4414140355,17.5180950383,11486.4156089,61.8902758838,
Astronomy,3192,108420,655591,6.04677181332,33.9661654135,23.5011990408,5.09131156613,27.6701715551,7.65541413023,146,4611,27313,5.92344393841,31.5821917808,19.084797224,4.55432661028,0.0,10.8436347864,79,1432,8363,5.84008379888,18.1265822785,18.8547486034,9.0782122905,1396.64804469,20.9497206704,959,43716,265719,6.07830085095,45.5849843587,23.5611675359,4.89523286668,0.0,4.34623478818,1022,37280,215250,5.77387339056,36.4774951076,52.6019313305,5.0160944206,0.0,6.70600858369,294,11739,69175,5.89275066019,39.9285714286,23.3410000852,32.6262884402,85.1861316978,46.8523724338,2,77,453,5.88311688312,38.5,12.987012987,12.987012987,38961.038961,129.87012987,
hillaryclinton,87234,2722596,16127040,5.92340545568,31.2102620538,26.5085234827,11.7314504245,33.7912786179,16.407134955,4287,164478,952046,5.78828779533,38.366689993,27.2072860808,13.5823635988,48.6387237199,25.2921363343,3297,84793,496070,5.85036500655,25.7182286928,24.1411437265,12.67793332,23.5868526883,13.4445060323,44788,1479507,8794740,5.94437201041,33.0335580959,26.7163318592,11.6052171433,31.7673387149,16.4379080329,29376,1187282,6918193,5.82691643603,40.4167347495,49.9603295594,10.7565009829,32.005875605,15.708146843,16645,796203,4574700,5.74564526886,47.8343646741,24.6055340158,33.8104729573,54.006327532,41.3085607565,77,7060,44488,6.30141643059,91.6883116883,21.671388102,16.7138810198,13031.1614731,46.7422096317,
uofmn,366,15504,91670,5.91266769866,42.3606557377,25.6062951496,6.83694530444,0.0,11.6099071207,18,1324,8278,6.25226586103,73.5555555556,20.3927492447,8.3081570997,0.0,15.1057401813,17,349,2072,5.93696275072,20.5294117647,37.2492836676,11.4613180516,0.0,57.3065902579,67,2338,12638,5.40547476476,34.8955223881,24.379811805,10.6928999145,0.0,17.1086398631,137,6404,35530,5.54809494066,46.7445255474,49.1880074953,6.08994378513,0.0,17.1767645222,53,2438,13553,5.55906480722,46.0,19.2780968007,30.3527481542,0.0,45.118949959,1,1,0,0.0,1.0,0.0,0.0,0.0,0.0,
Cricket,19769,392856,2213121,5.63341529721,19.8723253579,26.7324414035,11.864398151,12.7273097522,48.0837762437,960,28223,159606,5.65517485739,29.3989583333,23.6332069589,12.7555539808,35.4320943911,46.7703645963,852,18558,107130,5.77271257679,21.7816901408,23.2244853971,14.6028666882,107.770233861,57.1182239465,10421,190991,1070449,5.60470912242,18.3275117551,27.9332533994,12.8854239205,20.9433952385,57.070752025,5918,150295,831705,5.53381682691,25.3962487327,61.1996407066,10.8919125719,6.65358129013,40.3872384311,3274,90654,499770,5.5129393077,27.6890653635,24.7865510623,46.1535067399,11.0309528537,151.785911267,4,127,799,6.29133858268,31.75,15.7480314961,7.87401574803,39370.0787402,157.480314961,
NASCAR,46570,956167,5276523,5.51841153271,20.5318230621,29.4394180096,11.1716886276,9.41258169337,33.0172448955,2150,58349,324095,5.55442252652,27.1390697674,28.3123960993,11.6197364136,51.4147628923,38.7324547122,1770,41744,227031,5.43864986585,23.584180791,26.9978919126,14.9003449598,47.911077041,57.9724032196,23461,506956,2810190,5.54326213715,21.6084565875,29.0853644103,11.1469239934,9.86278888109,33.3165008403,15049,410453,2212920,5.3914090042,27.2744368397,61.4686699817,10.4372486009,12.1816626995,27.8229176057,7426,216304,1165167,5.38671037059,29.1279288985,27.613913751,44.488312745,18.4924920482,111.555958281,8,361,2069,5.73130193906,45.125,38.7811634349,19.3905817175,24930.7479224,110.8033241,
baseball,147439,3022556,17081026,5.6511859499,20.5003832093,26.8560781008,13.2556683813,8.93283697639,41.48475661,7295,136147,775783,5.69812775897,18.6630568883,26.4199725297,14.8883192432,14.6900041867,55.8220159093,5727,118593,653940,5.51415344919,20.7077003667,27.3709240849,17.5474100495,8.43220088875,64.7593028256,69514,1476478,8391773,5.68364242474,21.2400092068,26.9567172691,13.4448329064,9.48202411414,41.2129405247,44582,1188644,6524419,5.48895968852,26.6619711991,60.0263830045,12.6311999219,6.73035829062,37.5806381053,27404,818965,4472206,5.46080235419,29.8848708218,25.5346687587,44.9359862754,9.76842722216,118.539864341,27,493,2813,5.70588235294,18.2592592593,22.3123732252,24.3407707911,54766.7342799,182.555780933,
berkeley,2321,94929,539815,5.6865130782,40.9000430849,25.271518714,8.20613300467,242.286340318,18.3294883545,110,6238,36921,5.91872394998,56.7090909091,19.557550497,14.2673933953,0.0,41.6800256492,85,3130,18432,5.88881789137,36.8235294118,24.9201277955,13.4185303514,2875.39936102,25.5591054313,597,23516,134962,5.7391563191,39.3902847571,24.9192039462,8.75999319612,722.912059874,22.5378465725,777,39209,219534,5.59907164171,50.462033462,47.8461577699,7.82983498687,204.034787931,15.3026090949,349,18932,107376,5.6716670188,54.2464183381,24.5087682231,30.5303190366,739.488696387,64.9693640397,14,1489,8735,5.86635325722,106.357142857,23.5057085292,18.1329751511,15446.6084621,26.8636668905,
news,720563,22674168,130350895,5.74887224087,31.467294324,19.2984809851,15.676429671,127.325509805,42.1550197564,35975,1314071,7589199,5.77533405729,36.5273384295,18.6222814445,16.4526878685,94.3632421688,47.7980261341,31366,1014527,5813584,5.73033936012,32.344800102,19.9560977677,18.9960444621,234.592080842,56.7259422371,261841,10518770,60537410,5.75517955046,40.1723565064,18.7363161282,15.4949675675,153.820266058,39.155718777,172208,6438353,36475762,5.66538709512,37.3870726099,48.6438068866,15.3561011644,134.351129862,44.941617833,173281,8573611,48644295,5.67372312553,49.4780789585,18.5277825178,36.419193733,152.444518418,86.3113570233,2260,175377,1037754,5.91727535538,77.6004424779,18.8451165204,18.7595864908,16461.6796957,82.7930686464,
pics,562710,11352131,65152204,5.7392047361,20.1740345826,25.4083572503,14.1543468799,121.474990026,50.1923383372,28011,661482,3819561,5.77424782534,23.6150797901,23.8902948228,13.7297764716,137.569880964,51.5357938689,24333,519268,2962228,5.70462266113,21.3400731517,25.4223252733,19.6661454201,290.793963811,79.4194905136,175165,4409922,25807988,5.85225498319,25.1758170867,24.2800212793,14.3537686154,139.911771682,48.8557393986,151838,3976451,22369111,5.62539586179,26.1887735613,61.061987184,13.3875659476,111.405874233,47.8818926726,96226,3415842,18958028,5.55003070985,35.4981190115,22.8160435992,42.5388527924,133.202882335,125.939665828,1093,78275,459499,5.87031619291,71.6148215919,20.0191632066,15.2666879591,17617.3746407,73.4589587991,
nosleep,42581,1117933,6411135,5.73481147797,26.2542683356,26.6679666849,13.3183294527,16.9956517967,33.937633114,2115,66811,367265,5.49707383515,31.5891252955,24.6067264373,15.2220442741,29.935190313,46.8485728398,1258,18355,102449,5.58153091801,14.5906200318,25.8785072187,18.3601198583,0.0,53.3914464724,16420,483913,2859491,5.90910142939,29.4709500609,27.7095262991,14.0355807759,10.3324357891,33.6424109292,13719,412247,2211314,5.3640511635,30.0493476201,60.8324620919,14.1759673206,14.5543812326,36.0706081548,8395,337682,1841600,5.45365166044,40.2241810602,26.1281323849,39.1996019924,20.7295621324,87.3602975581,17,785,4398,5.6025477707,46.1764705882,21.6560509554,12.7388535032,24203.8216561,101.910828025,
UCSD,1982,71495,396950,5.55213651304,36.0721493441,25.5402475698,8.40618225051,13.9869920973,19.4419190153,86,2655,14977,5.64105461394,30.8720930233,28.2485875706,12.4293785311,0.0,37.6647834275,81,1899,10619,5.59189046867,23.4444444444,24.7498683518,16.8509741969,0.0,78.9889415482,527,19580,108524,5.54259448417,37.1537001898,27.5791624106,10.2145045965,51.0725229826,31.6649642492,686,29218,160033,5.47720583202,42.5918367347,49.9691970703,8.72749674858,34.2254774454,20.8775412417,317,12947,70908,5.47678998996,40.8422712934,26.8788136248,35.3749903453,0.0,68.7417934657,1,95,503,5.29473684211,95.0,31.5789473684,10.5263157895,10526.3157895,210.526315789,
VirginiaTech,886,33693,190773,5.66209598433,38.0282167043,23.2392485086,6.08434986496,0.0,10.684711958,39,1547,8572,5.54104718811,39.6666666667,18.7459599224,9.04977375566,0.0,12.9282482224,38,880,5051,5.73977272727,23.1578947368,25.0,9.09090909091,0.0,22.7272727273,200,6857,38291,5.58422050459,34.285,19.1045646784,5.68761849205,0.0,10.2085460114,290,11986,66497,5.54788920407,41.3310344828,50.2252628066,5.84014683798,0.0,15.8518271317,98,3531,19231,5.44633248372,36.0306122449,26.6213537242,37.6663834608,0.0,56.6411781365,1,1,0,0.0,1.0,0.0,0.0,0.0,0.0,
SquaredCircle,437063,9494581,53393528,5.62357917637,21.7235981998,27.897808234,14.4833142189,18.5368896216,49.9716627832,20996,485102,2700306,5.56647055671,23.1044960945,27.9714369349,15.4318060944,35.0441762763,62.0075777878,16878,372889,2058152,5.51947630528,22.0931982462,27.5229357798,19.2443327639,34.8629216737,75.169822655,208699,4614848,25644193,5.5568878975,22.1124586126,28.504297433,15.2321376565,19.935651185,53.2996969781,138530,3956277,21512584,5.43758285883,28.5589908323,58.9336894257,13.6931766911,15.9240619401,44.8527744645,89212,2854619,15545066,5.44558345615,31.998150473,26.5874360116,44.087144379,17.5154722924,132.108698219,160,5492,30597,5.57119446468,34.325,26.4020393299,16.2053896577,32046.6132556,205.753823744,
todayilearned,462234,12405703,71963156,5.80081241668,26.8385774305,21.6024839544,12.7746891893,153.558407774,41.3954775477,22845,721476,4187696,5.8043455361,31.5813525936,20.3263864633,12.114055076,144.148939119,41.6784480703,20005,526620,3025094,5.74435836087,26.3244188953,22.7507500665,17.3407770309,301.925487068,70.3923132429,153922,4979375,28919600,5.80787749467,32.3499889554,20.9598594201,13.1554662985,185.364629095,40.44282666,121555,3876781,21925443,5.65557946141,31.893225289,53.7273062368,12.5694487256,148.576873442,42.5404478613,87760,3581633,20293951,5.66611682436,40.8116795807,20.7131774808,38.5078538198,207.447273353,102.012126871,1455,111618,671267,6.01396728126,76.7134020619,19.8086330162,15.5261696142,17067.1397086,75.4358615994,
SubredditSimulator,14575,438988,2321794,5.28896917456,30.119245283,23.7728593948,10.6153243369,61.5050980892,26.5838701741,685,19243,102791,5.34173465676,28.0919708029,24.7882346827,11.3807618355,207.867796082,34.8178558437,97,3129,16574,5.29689996804,32.2577319588,21.0930009588,10.2269095558,0.0,28.7631831256,726,24653,131615,5.33870117227,33.9573002755,24.7028759177,10.4246947633,40.5630146432,23.1209183467,5772,182442,960233,5.26322338058,31.6081081081,50.5092029248,10.1730961073,54.8119402331,27.6252178775,3740,130451,686603,5.26330192946,34.8799465241,22.5218664479,35.0323109827,45.9942813777,66.7683651333,27,868,4830,5.56451612903,32.1481481481,18.4331797235,8.06451612903,31105.9907834,69.1244239631,
AskHistorians,18519,1635527,10219189,6.24825453814,88.3161617798,15.8682797655,8.02004491519,665.229005697,6.53000531327,917,194613,1209332,6.21403503363,212.227917121,14.4080816801,8.44753433738,703.961194781,9.35189324454,918,14000,86651,6.18935714286,15.2505446623,14.8571428571,7.14285714286,214.285714286,4.28571428571,5503,988306,6253588,6.32758275271,179.594039615,15.1451068799,8.07846962378,770.004431826,6.11146750096,3450,232348,1451215,6.24586826657,67.3472463768,40.1897154269,6.7054590528,624.063904144,7.87611685919,1852,278032,1683410,6.0547347068,150.125269978,14.99827358,23.7418714393,996.288197042,7.80485699488,322,117330,725170,6.18060172164,364.378881988,14.6424614336,11.6764680815,9272.99070996,29.9156226029,
msu,386,14940,81574,5.46010709505,38.7046632124,26.171352075,5.08701472557,0.0,12.0481927711,19,900,4910,5.45555555556,47.3684210526,26.6666666667,11.1111111111,0.0,55.5555555556,9,85,449,5.28235294118,9.44444444444,11.7647058824,11.7647058824,0.0,235.294117647,69,3575,19583,5.47776223776,51.8115942029,25.1748251748,4.1958041958,0.0,13.986013986,146,7431,39891,5.36818732338,50.897260274,47.3691293231,4.70999865429,0.0,10.7657112098,38,1437,7587,5.27974947808,37.8157894737,22.2686151705,36.1864996521,0.0,55.6715379262,1,1,0,0.0,1.0,0.0,0.0,0.0,0.0,
tennis,26945,717159,4007976,5.58868535429,26.6156615328,30.6110639342,12.1158627306,2.78878184615,26.2982128092,1335,43479,248870,5.72391269348,32.5685393258,30.6584788059,13.3397732239,0.0,28.5195151682,1207,32647,184294,5.64505161271,27.048053024,29.3748277024,16.7856158299,0.0,49.9280178883,12906,380029,2101406,5.52959379416,29.4459166279,30.7108141747,12.4358930503,2.63137813167,27.2084498815,9803,339042,1861778,5.49129016464,34.5855350403,55.7895481976,10.9219506728,0.0,21.3247916187,5070,191368,1052783,5.50135341332,37.7451676529,27.6901049287,38.7525605117,0.0,71.2762844363,2,95,570,6.0,47.5,0.0,0.0,21052.6315789,421.052631579,
ucla,1677,57673,328153,5.6898895497,34.3905784138,24.1880949491,8.14939399719,17.3391361642,14.9116571012,74,3028,17540,5.79260237781,40.9189189189,20.8058124174,13.5402906209,0.0,33.0250990753,81,1806,10346,5.72868217054,22.2962962963,19.3798449612,17.1650055371,553.709856035,11.0741971207,470,17236,98411,5.70961940125,36.6723404255,23.6133673706,8.06451612903,0.0,15.0847064284,536,22528,126068,5.59605823864,42.0298507463,49.5383522727,7.45738636364,0.0,10.2095170455,232,10195,56488,5.54075527219,43.9439655172,22.8543403629,34.2324668955,98.0872976949,59.8332515939,1,301,1719,5.71096345515,301.0,9.96677740864,16.6112956811,3322.25913621,0.0,
UCSantaBarbara,1199,48640,267852,5.50682565789,40.5671392827,25.7195723684,7.17516447368,0.0,16.0361842105,52,3142,17712,5.63717377467,60.4230769231,16.8682367919,11.139401655,0.0,25.4614894971,42,2597,14353,5.52676164806,61.8333333333,20.4081632653,9.62649210628,0.0,11.5517905275,329,14309,77968,5.44887832832,43.4924012158,25.9976238731,8.24655811028,0.0,11.8806345657,429,19048,103398,5.42828643427,44.4009324009,50.6614867703,6.56236875262,0.0,13.6497270055,157,8190,44637,5.45018315018,52.1656050955,23.4432234432,30.7692307692,0.0,67.1550671551,1,1,0,0.0,1.0,0.0,0.0,0.0,0.0,
iphone,20115,518878,2841103,5.47547400352,25.7955754412,24.1347677103,7.95755456967,0.0,15.957508316,966,27035,151439,5.60159053079,27.9865424431,21.5276493434,9.58017384871,0.0,26.6321435177,886,20873,114177,5.47008096584,23.5586907449,22.7087625162,12.7916447085,0.0,47.4296938629,6639,184172,1001830,5.43964337684,27.7409248381,24.3956736095,8.0142475512,0.0,17.537953652,6197,189830,1032513,5.43914555128,30.6325641439,55.7867565717,7.48037717958,0.0,13.8018226835,2767,99163,534518,5.39029678408,35.8377303939,22.165525448,36.0820063935,0.0,64.7418896161,1,1,0,0.0,1.0,0.0,0.0,0.0,0.0,
woahdude,37826,654803,3792254,5.79144261709,17.3109237033,24.4103951876,11.696647694,13.7445918849,49.0834647978,1869,37136,217824,5.86557518311,19.8694489032,23.9390348988,12.5753985351,0.0,57.6260232658,1841,30456,173396,5.69332807985,16.5431830527,23.5093249278,16.6469661151,65.6685053848,70.5936432887,8017,205444,1208363,5.88171472518,25.6260446551,21.8356340414,10.7912618524,4.86750647378,38.0152255602,9368,212801,1190375,5.59384119436,22.715734415,64.590861885,11.4473146273,4.69922603747,48.5430049671,5213,146138,807233,5.52377205108,28.0333780932,22.9782808031,47.6604305519,6.84284717185,168.607754314,8,234,1288,5.50427350427,29.25,8.54700854701,8.54700854701,38461.5384615,213.675213675,
gatech,2512,97381,556494,5.71460551853,38.7663216561,23.1564678941,6.68508230558,30.8068309013,10.4743225064,120,7350,43139,5.86925170068,61.25,17.5510204082,9.79591836735,0.0,25.8503401361,105,3105,18204,5.86280193237,29.5714285714,20.9339774557,14.4927536232,0.0,28.9855072464,724,31094,181863,5.84881327587,42.9475138122,20.550588538,7.39692545186,64.3210908857,12.5426127227,841,33299,187200,5.62179044416,39.594530321,49.701192228,6.426619418,90.0927955794,9.30958887654,337,15670,87706,5.59706445437,46.4985163205,21.7613273772,31.1423101468,0.0,49.7766432674,3,151,944,6.25165562914,50.3333333333,39.7350993377,6.62251655629,19867.5496689,0.0,
science,73415,2045638,12519408,6.12005056613,27.8640332357,18.9217251537,7.79316770611,1.95538017968,6.42342389025,3532,150935,913385,6.05151224037,42.7335787089,18.438400636,7.77155729287,0.0,6.75787590685,3082,55964,332247,5.93679865628,18.1583387411,19.1373025516,8.9164462869,0.0,10.1851190051,12378,710057,4416850,6.22041610744,57.3644369042,18.6294903085,8.05428296602,0.0,4.57709733162,13357,574007,3449087,6.00878909142,42.9742457139,46.4419423457,8.19850628999,1.74213903315,7.71767591684,7743,397084,2425515,6.10831713189,51.2829652589,19.6734192262,30.2228243898,2.51835883591,17.3766759678,3,333,2007,6.02702702703,111.0,18.018018018,12.012012012,12012.012012,30.03003003,
engineering,7420,359203,2077837,5.78457585265,48.4101078167,21.1468167025,7.07399437087,2.78394111408,10.2449032998,335,15738,91444,5.81039522176,46.9791044776,21.2860592197,8.38734273732,0.0,18.426737832,351,13603,79170,5.82003969713,38.754985755,20.8777475557,9.55671543042,0.0,5.1459236933,2164,118762,693480,5.83924150823,54.8807763401,19.6527508799,7.60344217847,0.0,10.1042420976,2320,113887,651225,5.71816800864,49.0892241379,45.0622107879,6.81377154548,8.7806334349,9.83430944708,1091,59466,340682,5.7290216258,54.5059578368,20.2973127501,28.8063767531,16.8163320217,38.004910369,1,46,258,5.60869565217,46.0,43.4782608696,21.7391304348,21739.1304348,217.391304348,
movies,417320,11269308,63216376,5.6096058427,27.0039969328,28.5998927352,15.3328846811,50.4911215489,39.4602756443,20863,617814,3505676,5.67432269259,29.6129032258,27.9048386731,15.4577267592,58.2699647467,46.5350412907,15822,427187,2402401,5.62376898173,26.9995575781,27.3369742057,20.5015602067,58.5223801286,62.5019019774,175503,5384235,30187816,5.60670475936,30.6788772841,28.5721184161,15.5784433629,49.5892174097,37.0879057099,144973,5016564,27776640,5.53698507584,34.603436502,54.9441809175,14.5589690473,43.0573595792,36.0445914774,96651,4002297,22163166,5.53761152658,41.4097836546,26.9495242357,38.7619909267,60.2154212943,85.9456457129,485,51458,293591,5.70544910412,106.098969072,23.51432236,18.5393913483,11057.5615065,66.4619689844,
rutgers,1767,65688,363647,5.53597308489,37.1748726655,25.392765802,7.41383509926,0.0,14.6145414688,80,2248,12995,5.78069395018,28.1,17.3487544484,7.11743772242,0.0,40.0355871886,58,1613,9079,5.62864228146,27.8103448276,23.5585864848,13.0192188469,0.0,43.3973961562,551,25006,137910,5.51507638167,45.3829401089,24.3541550028,7.95809005839,0.0,14.7964488523,565,28396,156034,5.49492886322,50.2584070796,47.2601774898,7.50105648683,0.0,13.7343287787,226,10656,58259,5.4672484985,47.1504424779,25.8070570571,31.6253753754,0.0,58.1831831832,1,1,0,0.0,1.0,0.0,0.0,0.0,0.0,
DotA2,457047,10149415,58015481,5.71614038839,22.2065017383,29.6956031456,16.1061499604,24.0407944694,48.3121440989,22592,536825,3079935,5.73731663019,23.7617298159,29.1957341778,16.5994504727,20.4908489731,58.1567549946,17080,383825,2107284,5.49022080375,22.4721896956,30.0371262945,21.1085781281,57.3177880545,90.536051586,220292,5307197,31030302,5.84683440242,24.0916465419,29.2696879351,16.1232002505,21.480265383,48.9015199549,146243,4497722,24804790,5.51496735459,30.7551267411,59.0832425837,15.1245452698,17.786781842,42.3214240453,97172,3469483,18948298,5.46141831506,35.70455481,27.7856960245,43.5182994123,25.9404643285,116.325688871,223,10066,56216,5.58474071131,45.1390134529,23.8426385853,19.1734551957,24240.0158951,169.878799921,
The_Donald,804994,18057592,108508532,6.00902556664,22.4319584991,22.6884625591,15.9177369829,179.259781703,65.320448042,39204,1119897,6607070,5.89971220568,28.5658861341,23.9414874761,18.1132729171,155.37143148,84.0613020662,19223,394596,2330353,5.9056680757,20.5272850231,21.5435534065,19.0397267078,288.903080619,76.7873977435,425980,10333866,63011058,6.09753000474,24.2590403305,21.9173540667,15.7458012326,184.925951236,65.2688935583,196316,5527822,31453691,5.69006943422,28.1577762383,60.7799961721,16.0008770181,190.490938384,64.2766717163,163334,6045710,34541750,5.71343150763,37.0143999412,21.408734458,43.7786463459,218.171232163,161.102666188,2705,187778,1164882,6.20350626804,69.4188539741,20.8384368776,18.5857768216,17238.4411379,88.9348059943,
MMA,247073,5411782,30148116,5.57082971931,21.9035750568,28.3039856373,20.8423029605,12.5651772374,61.863171872,11920,287352,1602349,5.57625838693,24.1067114094,28.6338706534,21.9173696372,17.4002616999,74.4383195523,10761,248921,1367966,5.49558293595,23.1317721401,26.8679621245,22.2520398038,40.1733883441,72.1112320776,113997,2793759,15659491,5.6051688782,24.5073028238,28.1788801396,21.1002452252,14.3176272542,60.8033835417,78469,2299630,12525784,5.44686927897,29.3062228396,58.1584863652,19.7740506081,8.69705126477,55.4741414923,68638,2379795,12944803,5.43946138218,34.6716833241,26.3312596253,44.9723610647,9.24449374841,117.795860568,63,2938,16273,5.53880190606,46.6349206349,24.1660993873,18.7202178353,23144.9965963,122.532334922,
history,45869,1738238,10702395,6.15703660834,37.8957029802,18.1396333529,11.4000499356,837.629829747,14.135003377,2290,110263,657161,5.95994123142,48.1497816594,17.8573048076,11.5723316072,807.161060374,18.5919120648,1701,46452,273509,5.88799190562,27.3086419753,19.6977525187,15.0908464652,1184.01791096,25.4025660897,10375,622608,3764841,6.04688825071,60.0104096386,18.936473672,12.1087425796,868.925551872,12.1103487266,10681,436318,2643299,6.05819379443,40.8499204194,47.7220742669,11.3357688658,705.907159457,15.7224776425,8408,496180,2943640,5.93260510299,59.0128449096,18.1143939699,32.2383006167,1068.16074812,29.4046515377,879,103891,627702,6.04192855974,118.192263936,14.9772357567,13.4852874647,14014.6884716,43.2183731026,
formula1,89779,2258115,12707627,5.62753757005,25.1519286247,25.2126220321,11.1535506385,11.0711810515,26.6416900822,4371,110793,628092,5.66905851453,25.3472889499,26.4547399204,12.4105313513,18.0516819655,35.2007798327,3704,93777,522422,5.57089691502,25.3177645788,23.9077812257,14.8223978161,31.9907866534,43.9340136707,40593,1104824,6163116,5.5783690434,27.2171063977,24.8238633484,11.6072786254,10.8614584766,27.959204362,27721,855093,4715040,5.51406689097,30.8463980376,55.878132554,10.3532598209,15.2030247002,24.8627927021,15714,568710,3134102,5.51089659053,36.1912943872,23.0029364703,38.7385486452,10.550192541,81.2013152573,23,1128,6894,6.11170212766,49.0434782609,30.1418439716,13.2978723404,22163.1205674,44.3262411348,
videos,545299,15283658,90440056,5.91743521086,28.0280323272,23.9879091772,13.7671230277,57.8395564727,47.6901537577,26670,728605,4176246,5.73183823883,27.3192725909,24.3177030078,14.8036315974,43.9195448837,61.0207176728,26218,664325,3742971,5.63424679186,25.3385078953,23.9882587589,19.9420464381,135.475858955,85.1239980431,170435,5237388,30007644,5.7295056238,30.7295332531,23.7080010112,15.3421896564,80.192645647,55.9248235953,151869,4731392,26696932,5.64251112569,31.1544291462,55.7326469673,13.9914426875,55.1634698626,52.8766164376,108920,4317202,24159032,5.59599296026,39.6364487697,22.436059281,40.3703602472,79.9128694928,129.9082137,718,56550,340817,6.02682581786,78.7604456825,19.8762157383,16.6047745358,15632.183908,77.807250221,
rit,1035,41241,230177,5.58126621566,39.8463768116,21.4834751825,6.23166266579,0.0,12.1238573264,44,1831,10372,5.66466411797,41.6136363636,22.9382850901,7.09994538504,0.0,16.3844893501,25,865,4790,5.53757225434,34.6,15.0289017341,3.46820809249,0.0,34.6820809249,253,10945,61843,5.6503426222,43.2608695652,18.6386477844,7.40063956144,0.0,14.6185472819,326,13989,77622,5.54878833369,42.9110429448,46.8225033955,7.43441275288,0.0,15.7266423619,121,5639,30364,5.38464266714,46.6033057851,25.0044334102,30.5018620323,0.0,60.2943784359,1,1,0,0.0,1.0,0.0,0.0,0.0,0.0,
gadgets,29315,1057198,6318391,5.97654460186,36.0633805219,22.7317872338,7.33826586883,1.89179321187,19.8732876907,1410,48187,274613,5.69890219354,34.175177305,22.993753502,10.5422624359,0.0,33.6190258783,1109,34558,196482,5.68557208172,31.1614066727,22.4260663233,11.6904913479,0.0,41.6690780716,5925,276779,1606688,5.80494907489,46.7137552743,23.3218560657,8.30626601007,0.0,20.2327488718,8322,347929,2005314,5.763572453,41.8083393415,47.5614277626,7.9815134697,5.74829922197,22.5620744462,4379,185614,1029379,5.54580473456,42.3873030372,22.1804389755,33.7582294439,0.0,81.4054974302,2,181,1074,5.93370165746,90.5,33.1491712707,0.0,11049.7237569,55.2486187845,
tabletennis,728,45552,251424,5.51949420443,62.5714285714,25.1800140499,9.74710221286,0.0,15.3670530383,35,1796,10131,5.64086859688,51.3142857143,29.5100222717,12.2494432071,0.0,16.7037861915,15,1067,5769,5.40674789128,71.1333333333,29.053420806,23.4301780694,0.0,9.37207122774,306,24847,135923,5.47039884091,81.1993464052,24.3087696704,9.3371433171,0.0,16.9034491085,275,18195,99853,5.48793624622,66.1636363636,45.1222863424,10.9920307777,0.0,10.4424292388,160,10564,57729,5.46469140477,66.025,25.6531616812,29.534267323,0.0,21.7720560394,1,1,0,0.0,1.0,0.0,0.0,0.0,0.0,
politics,1360553,47452876,283532316,5.97502912152,34.8776387248,21.9693111962,12.8869112169,80.8380929324,26.3063085997,63653,2424328,14673720,6.05269583984,38.0866259249,21.1588530925,12.8093228309,46.6108546368,30.4125514369,66655,2019790,11948906,5.91591502087,30.3021528768,23.0419994158,15.5001262507,119.814436154,36.6077661539,751744,28234402,169214731,5.99321108342,37.5585332241,21.747476713,12.8740817673,82.3817695873,24.7970543169,402513,16256104,96780103,5.95346234251,40.3865316151,48.3959133135,12.3008563429,80.21602224,26.859449226,307290,14912857,86554157,5.80399563947,48.5302385369,20.9594311808,34.5925666691,95.3539620208,64.5087658254,3175,251907,1520143,6.03454052488,79.3407874016,20.1344146848,15.8272695876,15227.8420211,59.029721286,
technology,154349,5661066,32927821,5.81654073632,36.6770500619,20.3281502106,10.5780430753,24.553679466,31.3598180979,7500,294735,1705916,5.7879654605,39.298,20.2961982798,11.9429317862,27.1430267868,40.5109674793,6968,231336,1327000,5.73624511533,33.1997703789,21.7302970571,14.8009821212,34.5817339281,51.0945118788,46832,2149292,12434701,5.7854870348,45.893662453,20.4364972279,11.1027259209,27.9161696038,30.4007086985,42794,1722403,9767967,5.67112748875,40.2487030892,47.8778775931,10.9910398438,19.1592792163,34.1557695847,30427,1442412,8148798,5.6494247136,47.4056594472,20.2979453859,34.0069272857,36.7440093399,91.3192624576,122,12748,74769,5.86515531848,104.491803279,17.3360527142,17.1791653593,10903.6711641,70.5993096956,
Android,120555,3571508,21375921,5.98512477083,29.6255485048,24.1421830778,7.96190292728,3.07993150232,18.3255924388,5932,187418,1071934,5.71948265375,31.5944032367,25.0136059503,9.34808823059,5.33566679828,27.6387540151,5897,149509,840156,5.61943428155,25.3534000339,24.4199345859,10.5879913584,0.0,32.5732899023,50052,1660871,10308331,6.20658136604,33.1829097738,24.2999004739,8.04577838977,3.01046860352,17.6714507027,38092,1266599,7073332,5.58450780397,33.2510500893,53.1667875942,7.77436268306,3.94757930489,19.0983886771,16891,638025,3553030,5.56879432624,37.7730744183,22.8940872223,35.0738607421,3.13467340621,75.9217898985,11,474,2790,5.88607594937,43.0909090909,27.4261603376,14.7679324895,23206.7510549,147.679324895,
funny,579626,9891976,56065904,5.6678164201,17.0661357496,24.5951870486,14.5339010123,71.9775300708,63.2765384793,28952,564238,3229374,5.72342522127,19.4887399834,22.9672584973,14.7260553171,67.3474668491,70.9806854554,22858,456351,2589795,5.67500673823,19.9646075772,24.7660243979,18.9043083065,87.6518294032,86.0960094313,183383,3736213,21354986,5.71567680965,20.3738241822,24.1081009032,14.864784208,64.5038171004,63.6366288539,139312,3287661,18167824,5.52606366654,23.5992663949,63.6142229993,13.6778092388,64.4835340383,59.2305593551,93544,2887305,16136035,5.58861464237,30.8657423245,22.260550929,45.888120583,66.8443410031,155.414824551,614,27683,160799,5.8085828848,45.0863192182,21.6739515226,14.2686847524,25719.7558068,101.145107105,
aggies,2277,87902,484056,5.50676890173,38.6043039087,27.2121225911,6.99642784009,0.0,14.7891970604,103,4810,27323,5.68045738046,46.6990291262,23.7006237006,11.2266112266,0.0,27.027027027,102,2217,12371,5.5800631484,21.7352941176,21.199819576,16.6892196662,0.0,40.5953991881,620,30874,172555,5.5890069314,49.7967741935,24.8105201788,6.54272203148,0.0,13.2797823411,863,38961,212939,5.46543979877,45.1460023175,49.819049819,5.51833885167,0.0,11.2933446267,300,13736,73981,5.38592020967,45.7866666667,22.8596389051,32.3238206174,0.0,66.9772859639,1,1,0,0.0,1.0,0.0,0.0,0.0,0.0,
travel,29245,1255780,7021699,5.59150408511,42.9399897418,26.0857793563,6.18818582873,6.37054261097,8.81523833793,1407,58393,325555,5.5752401829,41.5017768301,23.4274656209,10.3437055811,0.0,22.4341958796,1373,38999,221936,5.69081258494,28.4042243263,23.5903484705,8.94894740891,0.0,24.3595989641,11369,591201,3279061,5.54644021238,52.0011434603,24.8629484727,6.28720181461,11.8403047356,7.7469422413,10808,525555,2890630,5.50014746316,48.6264803849,48.8702419347,5.93658132831,11.4165025544,7.99155178811,3587,176317,963484,5.46449860195,49.1544466128,24.3878922622,30.1842703767,11.3432057034,37.6027269067,8,1843,10371,5.62723819859,230.375,32.0130222463,3.79815518177,4340.74877916,27.1296798698,
depression,37523,1905108,10135941,5.3204023079,50.7717399995,31.5278713858,17.5003201918,0.52490462483,27.4735080636,1679,91353,493256,5.39945048329,54.4091721263,29.0083522161,18.8718487625,0.0,32.6207130581,948,27742,149643,5.39409559513,29.2637130802,31.1801600461,18.6720495999,0.0,41.8138562468,14031,748773,3969165,5.30089225974,53.3656189865,32.3742976843,18.1456863429,0.0,28.8204836446,16598,1017643,5387036,5.29364030411,61.3111820701,48.5523901801,16.5431295651,0.982662878829,26.4041515541,12497,891801,4719980,5.29263815582,71.3612066896,29.1959753353,31.8972506198,1.12132639457,46.7144575976,1,262,1388,5.29770992366,262.0,45.8015267176,26.7175572519,3816.79389313,0.0,
RPI,625,24588,139151,5.6593053522,39.3408,22.0026028957,7.56466569058,0.0,8.94745404262,27,1133,6554,5.78464254192,41.962962963,26.4783759929,7.94351279788,0.0,17.652250662,28,560,3249,5.80178571429,20.0,28.5714285714,16.0714285714,0.0,17.8571428571,150,5913,33176,5.61068831388,39.42,25.367833587,7.10299340436,0.0,6.7647556232,215,7965,43882,5.50935342122,37.0465116279,49.5919648462,8.66290018832,0.0,7.5329566855,82,3658,19954,5.45489338436,44.6097560976,22.1432476763,33.8983050847,0.0,51.9409513395,1,1,0,0.0,1.0,0.0,0.0,0.0,0.0,
Archery,3079,121499,673100,5.53996329188,39.4605391361,25.7779899423,7.17701380258,0.0,5.84366949522,130,5851,32374,5.53307126987,45.0076923077,24.2693556657,9.40010254657,0.0,10.2546573235,75,2189,11713,5.35084513476,29.1866666667,18.7300137049,11.8775696665,0.0,18.2731841023,996,51093,287366,5.62437124459,51.2981927711,22.4101148885,6.49795471004,0.0,3.32726596598,1161,48889,268919,5.50060340772,42.1093884582,50.5635214465,5.99316819735,0.0,5.5227147211,418,20345,111081,5.45986728926,48.6722488038,22.4133693782,30.2777095109,0.0,22.1184566232,1,1,0,0.0,1.0,0.0,0.0,0.0,0.0,
Anarchism,15181,686540,4179476,6.08773851487,45.2236348067,21.9360852973,13.5534710286,327.730358027,37.2884318467,739,32648,198125,6.06851874541,44.1786197564,21.8083802989,17.6427346239,428.816466552,49.0075961774,619,20133,121191,6.01952019073,32.5250403877,22.2520240401,14.9009089554,198.678786073,51.1597874137,5877,297570,1814225,6.09680075276,50.6329760082,21.6587693652,13.8219578587,315.892059011,39.1840575327,4637,218650,1292410,5.91086210839,47.1533318956,46.2931625886,13.0573976675,256.117082095,36.7253601646,3797,219232,1294724,5.90572544154,57.7382143798,21.0005838564,33.2843745439,483.50605751,86.6205663407,180,15619,94160,6.02855496511,86.7722222222,19.8476214867,17.5427364108,14405.5317242,101.799090851,
askscience,48091,2400854,16799629,6.99735552433,49.9231457029,17.4791969857,3.80239698041,1.24955536655,1.52445754719,2272,171907,1032385,6.00548552415,75.6632922535,16.7008905978,6.32318637403,5.81709878015,2.90854939008,2278,90378,541776,5.9945561973,39.6742756804,16.8957047069,5.41060877647,0.0,2.65551350992,8489,684262,4195578,6.13153733511,80.605725056,17.3281579278,5.58557979254,0.0,1.69525707989,8215,483753,2949604,6.09733479689,58.8865489957,43.6421066123,4.87232120524,0.0,2.33590282644,3360,207165,1239114,5.98129027587,61.65625,17.3822798253,27.5432626168,4.82707020974,6.46827408105,3,260,1521,5.85,86.6666666667,11.5384615385,11.5384615385,11538.4615385,38.4615384615,
Futurology,83733,3420897,20109030,5.8782915709,40.8548242628,20.4943323345,9.142923625,23.3856792531,17.3258651167,4154,172121,1006124,5.84544593629,41.4350024073,19.7942145351,9.44684262815,0.0,23.3556625862,3725,143510,837362,5.83486865027,38.5261744966,21.1135112536,11.5880426451,13.9363110585,27.2454881193,27320,1589237,9463934,5.95501740772,58.171193265,19.4332248746,8.67271527154,28.3154746586,13.5473815422,22859,1048208,6043823,5.76586230977,45.8553742508,46.0166302871,9.13654541847,23.850228199,19.0611023766,14075,728055,4177425,5.73778766714,51.7268206039,20.2251203549,31.6418402456,48.0732911662,53.4987054549,61,7019,42268,6.02194044736,115.06557377,17.6663342356,17.3813933609,11397.6349907,69.8105143183,
lacrosse,1324,46078,247779,5.37738183081,34.8021148036,30.6436911324,8.76774165545,0.0,15.6256781978,59,1870,9824,5.25347593583,31.6949152542,36.8983957219,13.3689839572,0.0,37.4331550802,24,717,3839,5.35425383543,29.875,29.2887029289,13.9470013947,0.0,13.9470013947,372,14714,78523,5.33661818676,39.5537634409,30.31126818,9.03901046622,0.0,15.6313714829,543,22373,119728,5.35145040898,41.2025782689,53.6807759353,7.68783801904,0.0,13.4090198007,203,9176,48795,5.31767654752,45.2019704433,26.0462074978,34.9825632084,0.0,50.1307759372,1,1,0,0.0,1.0,0.0,0.0,0.0,0.0,
Overwatch,932549,29152257,162165088,5.56269409947,31.2608313343,25.4654382335,15.5778333046,6.89483493508,28.6883447824,46158,1239147,6922782,5.58673184053,26.8457688808,25.5167466007,17.166647702,12.9121080873,42.7632879715,31879,942398,5201094,5.51899940365,29.5617177452,25.6919051186,19.0895990866,16.977964724,51.2416197827,461693,15778213,87554641,5.54908474109,34.1746853429,25.3135130068,16.0478883128,6.4646104093,27.8852871361,315658,11682800,63383019,5.42532774677,37.0109422223,52.5082172082,15.2468586298,5.39254288356,27.569589482,238513,11217791,60695812,5.41067416927,47.0321995028,24.3071028868,36.6934987468,6.50752006344,59.6383013376,188,10389,60986,5.87024737703,55.2606382979,22.5238232746,19.8286649341,19347.386659,137.645586678,
volleyball,1087,55188,306676,5.55693266652,50.7709291628,25.09603537,8.40762484598,0.0,11.5967239255,37,3535,19126,5.41046676096,95.5405405405,23.1966053748,7.35502121641,0.0,14.14427157,24,755,4355,5.76821192053,31.4583333333,31.7880794702,7.94701986755,0.0,26.4900662252,402,25091,140422,5.5965087083,62.4154228856,23.3549878442,8.96735881392,0.0,13.9492248216,432,21909,118846,5.42452873248,50.7152777778,47.4690766352,8.12451503948,0.0,10.9544023004,188,9326,50178,5.38044177568,49.6063829787,26.4850954321,30.3452712846,0.0,30.0235899635,1,1,0,0.0,1.0,0.0,0.0,0.0,0.0,
