subreddit,num_comments,num_words,num_chars,avg_word_length,avg_words_per_comment,positive_score,negative_score,godwins_score
jailbreak,163864,4377968,28610381,6.53508225734,26.7170824586,19.9243119182,5.64462782734,9.1366588335
Fitness,165944,6565881,39705922,6.04731063508,39.5668478523,21.4618571369,10.35672136,33.5065469508
aww,167730,2508958,13995837,5.57834646893,14.958313957,30.6984014878,11.8312064212,207.257355444
fantasyfootball,167854,5502581,29771216,5.41040940606,32.7819474067,25.8366028596,8.54962425814,27.2599349287
2007scape,168530,3741956,20395283,5.45043367693,22.2035008604,25.8124360629,14.3630764231,152.326751036
buildapc,175307,7246616,46443197,6.40894963939,41.3367178721,22.6512623271,5.10155360792,4.13986335139
baseball,179658,3554151,19880404,5.59357326124,19.7828707878,26.7540686932,13.3007854759,135.053350294
pokemon,183253,4432117,24947418,5.62878146042,24.185781406,28.1247088017,11.4056104566,72.2002600563
stevenuniverse,185175,4650973,27109988,5.82888526766,25.116635615,24.5658274086,12.1589611464,328.963423352
Games,188406,7875806,44182822,5.60994290616,41.8023099052,24.4913346012,11.1366379517,140.937956064
TheSilphRoad,194783,7048702,38903887,5.51929802111,36.1874598913,20.8678136769,8.41984807983,36.886223875
friendsafari,195778,1038810,5511639,5.30572385711,5.30606094658,25.8343681713,6.08292180476,0.0
hiphopheads,204387,4013808,22317701,5.56023133144,19.6382744499,31.1846007582,16.4327740639,181.872177244
GlobalOffensiveTrade,207078,5407161,35503749,6.56606100688,26.111711529,15.4160381021,3.45856171103,35.1385875139
CFB,215738,5416370,30618603,5.65297477831,25.1062399763,26.1173073479,12.9599713461,156.93167195
anime,226637,7203121,42548600,5.90696727155,31.782634786,30.1366588178,11.9407962188,159.653017074
AdviceAnimals,243666,6699959,37128547,5.54160809044,27.4964869945,22.3680473269,14.4348644522,459.704305653
WTF,245307,4507043,25207138,5.59283281744,18.3730712943,21.6725245355,16.2254941877,1124.90606369
pokemontrades,259593,5450549,31901401,5.85287848985,20.9965176257,32.8150430351,7.25706713214,7.33871028405
BigBrother,261612,5002754,27342475,5.46548461108,19.1228001774,28.1828768714,15.9536127501,51.9713741671
DestinyTheGame,271249,8246687,45377700,5.50253695817,30.4026448024,24.8474326721,11.7009412386,30.3152041541
hearthstone,275880,8951794,50728564,5.66686007296,32.4481441206,26.0820345062,14.0909185354,60.3231039499
olympics,289338,5855877,33450347,5.71226940047,20.2388797877,25.3244731746,12.5012871684,655.751478387
MMA,310192,6828428,37638707,5.51206031608,22.0135528963,26.8307727635,21.1143765446,172.80697695
Showerthoughts,327413,6925624,39010675,5.632802907,21.1525626655,22.8496378088,12.9443931695,554.462673688
relationships,356811,21785194,120764927,5.54344051285,61.0552757622,24.8085465753,13.6911794313,77.5756231503
gifs,360697,6376503,36424558,5.71230939592,17.6782812166,23.7332280719,14.3696317558,765.309763047
nba,363414,7977476,44263986,5.54862039071,21.9514823314,29.4437739455,13.7352967279,193.043514014
GlobalOffensive,408527,9629637,54757520,5.68635349391,23.5716048144,23.7910317907,13.8244048036,158.884493777
wow,432211,13010266,71592581,5.50277611542,30.1016540532,23.8060467019,12.0344195883,106.070083425
nfl,442883,9424679,52527439,5.57339289752,21.2802907314,27.4678851131,15.0302201274,94.4329244529
todayilearned,458353,12466550,71906557,5.76795961994,27.1985783883,21.1166682041,12.7507610365,2222.74807385
gaming,461656,10885982,60238504,5.53358475147,23.5802892197,25.4799245488,13.0994153766,426.236236657
pcmasterrace,472014,11854218,68353151,5.76614594063,25.1141237336,25.6795513631,9.43740025702,64.1122003999
soccer,512087,10612755,59184011,5.57668682637,20.7245155608,28.6993339618,13.6220990685,239.334649674
pics,513202,10497941,60387717,5.75233914917,20.4557679043,24.4734657968,13.7285968744,1022.10519187
movies,539455,15017283,84255268,5.61055338705,27.8378789704,28.0195825037,15.4623176509,569.344001841
videos,539831,15530138,92414348,5.9506456414,28.7685182955,22.577906262,13.493312165,721.178395195
DotA2,569483,12201850,68826063,5.64062523306,21.4261883147,28.6380343964,16.1745145203,180.300528199
funny,579473,10300233,58551271,5.68446082725,17.775173304,23.8069371829,13.9507523762,1087.35404335
news,582458,19320401,111266698,5.75902632663,33.1704620762,18.9869247538,15.1074504095,802.260781233
SquaredCircle,654389,13562176,75974847,5.60196586447,20.7249449486,27.9489810485,14.9105128852,165.165236021
worldnews,677032,23975156,144773325,6.03847270066,35.4121459547,18.7542888146,13.7262506238,2310.30822073
leagueoflegends,706350,19277823,106433883,5.52105302554,27.2921681886,27.9510295327,14.5933490519,77.8096157434
The_Donald,717105,15630481,94626355,6.05396308661,21.7966420538,20.9932758947,22.728987035,2898.82313922
Overwatch,741399,21389315,120119896,5.6158832576,28.8499377528,23.6701829862,14.147110368,104.25766323
pokemongo,757049,18451280,101856014,5.52026818736,24.3726363815,22.3998551862,11.000808616,343.065630135
NoMansSkyTheGame,789567,23169786,128031427,5.52579238324,29.3449270296,22.6606322562,10.414295583,89.3404885138
politics,1465028,50776452,303460551,5.97640321541,34.6590317728,21.2397471174,13.1854427324,1241.71732204
AskReddit,5116323,135309252,753984631,5.57230654856,26.4465812655,21.9462672072,13.5288901013,690.418420168
