subreddit,num_comments,num_words,num_chars,avg_word_length,avg_words_per_comment,positive_score,negative_score,godwins_score,num_comments_topcom,num_words_topcom,num_chars_topcom,avg_word_length_topcom,avg_words_per_comment_topcom,positive_score_topcom,negative_score_topcom,godwins_score_topcom,num_comments_botcom,num_words_botcom,num_chars_botcom,avg_word_length_botcom,avg_words_per_comment_botcom,positive_score_botcom,negative_score_botcom,godwins_score_botcom,num_comments_topauth,num_words_topauth,num_chars_topauth,avg_word_length_topauth,avg_words_per_comment_topauth,positive_score_topauth,negative_score_topauth,godwins_score_topauth,num_comments_toppos,num_words_toppos,num_chars_toppos,avg_word_length_toppos,avg_words_per_comment_toppos,positive_score_toppos,negative_score_toppos,godwins_score_toppos,num_comments_topneg,num_words_topneg,num_chars_topneg,avg_word_length_topneg,avg_words_per_comment_topneg,positive_score_topneg,negative_score_topneg,godwins_score_topneg,num_comments_topgod,num_words_topgod,num_chars_topgod,avg_word_length_topgod,avg_words_per_comment_topgod,positive_score_topgod,negative_score_topgod,godwins_score_topgod
AskReddit,4713178,117838080,659429751,5.59606666198,25.0018310363,21.9553051102,13.7441139571,81.798685111,232188,7595526,41800564,5.50331392454,32.7128275363,21.1504772678,14.7607947099,94.00270633,117414,2809148,15786177,5.61956045036,23.9251537295,22.3473451737,17.8395727103,178.701869748,2701358,63004630,358607759,5.69176835099,23.3233173833,21.8915974905,13.5496391297,84.6128292476,1152712,36950689,202002330,5.46680821026,32.055438826,54.422124578,13.5366893971,70.4452358114,891852,36094223,195874881,5.4267654134,40.4710904948,21.1218011259,39.2677243669,89.8204679458,7970,466354,2666295,5.71731989004,58.5136762861,19.0348962376,16.4638879478,20668.8481282
politics,763624,29048968,174523121,6.00789401537,38.0409311389,21.7148161683,11.7135658657,82.1715938411,36069,1520130,9054812,5.95660371152,42.1450553107,21.6113095591,12.3463124864,65.1260089598,34409,1208957,7160392,5.92278468134,35.1349065651,21.9445356617,14.0195226133,96.7776355983,470092,17605946,107713065,6.11799360284,37.4521285195,21.6092904068,11.3667280361,80.4273737975,229016,9924839,60434305,6.08919751746,43.3368803926,46.7972326806,11.0313124475,78.8929674325,165701,8220007,47569838,5.78707998667,49.6074676677,20.8200552627,33.575518853,102.189693999,1909,163414,972635,5.95196861958,85.6018858041,19.7535094912,14.2276671521,14607.0716095
NoMansSkyTheGame,6213,207207,1176832,5.67949924472,33.3505552873,23.1218057305,7.48044226305,0.0,295,10236,56977,5.56633450567,34.6983050847,22.2743259086,8.40171942165,0.0,183,4269,24138,5.65425158117,23.3278688525,21.0822206606,9.60412274537,0.0,3197,115413,661103,5.72815020838,36.1004066312,22.0772356667,6.90563454723,0.0,1952,71762,398848,5.55792759399,36.7633196721,51.3781667178,7.73389816337,0.0,795,36007,197244,5.477934846,45.2918238994,23.3010248007,32.0493237426,0.0,1,1,0,0.0,1.0,0.0,0.0,0.0
pokemongo,8863,309140,1711405,5.53601927929,34.8798375268,25.4318431778,7.68260335123,9.70434107524,413,15285,86424,5.65417075564,37.00968523,25.7769054629,7.45829244357,0.0,290,7444,41408,5.56260075228,25.6689655172,24.8522299839,11.4185921548,0.0,4500,169900,944205,5.55741612713,37.7555555556,25.2913478517,7.63978811065,0.0,3159,122483,669276,5.46423585314,38.7727128838,51.1336267074,7.49491766204,8.16439832467,1319,55319,302255,5.46385509499,41.940106141,24.0785263653,33.3881668143,36.1539434914,3,160,917,5.73125,53.3333333333,18.75,18.75,18750.0
Overwatch,16542,561403,3127612,5.57106392378,33.9380365131,27.4205873499,10.0605091173,1.78125161426,771,26598,150761,5.66813294233,34.4980544747,28.1224152192,10.038348748,0.0,784,26218,144312,5.50431001602,33.4413265306,26.2796551987,12.1672133649,0.0,7769,279759,1561650,5.5821260442,36.0096537521,26.5049560515,10.0836791667,0.0,6063,243799,1339988,5.4962817731,40.2109516741,52.0305661631,9.50783227167,4.10173954774,2845,137189,753999,5.49606017975,48.2210896309,25.687190664,33.2971302364,0.0,1,45,231,5.13333333333,45.0,88.8888888889,0.0,22222.2222222
The_Donald,41817,1118326,6545681,5.8531063393,26.7433340507,26.2213343873,14.0826556836,171.685179456,1937,53205,307479,5.77913729913,27.4677336087,26.877173198,16.7841368292,263.133164176,1839,57209,334450,5.84610812984,31.108754758,24.0521596252,14.9277211628,297.156041882,25882,611263,3541695,5.79406082161,23.6173015996,26.5646701992,14.6352715607,181.591229962,12950,446552,2545683,5.7007537756,34.4827799228,53.7093104498,13.5325785127,109.729661943,8787,365300,2084412,5.70602792226,41.5727779675,24.65370928,37.675882836,224.473035861,165,11257,66365,5.89544283557,68.2242424242,18.8327263036,17.9443901572,17056.0540108
leagueoflegends,971559,24773399,136461552,5.50839035047,25.4986048197,27.8397405217,14.6298455048,9.44561543614,46468,1155288,6485019,5.61333537611,24.8620125678,28.1869109694,14.7677462243,11.2526054109,43197,1075451,5850921,5.44043475714,24.8964279927,28.2634913167,17.6763051036,25.1057463334,544312,14004741,77971388,5.56749946322,25.729252708,27.248986611,14.7149454603,10.2108278904,312314,10657082,57370380,5.38331036582,34.1229723932,55.5965507256,13.8100654569,8.72659138777,205807,8372026,45042756,5.38015003776,40.6790148051,26.00887766,39.0209012729,10.0334136564,222,10966,61424,5.60131314974,49.3963963964,24.8039394492,21.1563012949,21338.6832026
worldnews,765477,25951339,154862365,5.96741328068,33.9021799479,19.157971001,14.3515138082,298.057838172,37337,1435749,8537522,5.94638895796,38.4537857889,18.5666157525,14.7818316433,275.117726009,35670,1192654,7039717,5.90256436485,33.4357723577,19.4809223798,17.4266803281,451.094785244,416282,13806171,84194410,6.09831719454,33.1654287238,18.2147533882,13.9792560877,330.28708684,187382,7244911,41851546,5.77668186676,38.6638577878,48.2748511334,14.4426894961,305.455788208,179535,9075987,52590768,5.79449573914,50.5527445902,18.8574531894,35.1386576468,342.001371311,6102,548314,3267579,5.95932075417,89.8580793183,18.1064134784,16.1549768928,14106.8803642
SquaredCircle,452074,10256649,57194296,5.57631405735,22.6879869225,26.6226327917,13.9313532129,15.0146504965,22576,549613,3067488,5.5811780289,24.3450124026,27.0262894073,15.4053852438,14.5556964628,17702,430085,2357182,5.48073520351,24.2958422777,25.427531767,17.2500784729,23.2512177825,241359,5454773,30869125,5.6591035044,22.6002469351,25.8714707285,13.8689547668,14.2994034766,139965,4115563,22269260,5.41098751252,29.4042296288,57.5673364738,13.0980864586,15.0647675664,91811,3005993,16287811,5.41844608421,32.7410985612,25.4957346873,43.0875920203,13.9720884247,128,5273,29775,5.64669068841,41.1953125,24.8435425754,17.2577280485,29205.3859283
news,719681,24470242,140704314,5.75001726587,34.0015117809,18.8103166287,14.6483226443,92.3979419574,35574,1396548,8099973,5.79999613332,39.2575476472,17.9449614335,15.0134474433,84.494052478,31703,1104674,6369439,5.76589926078,34.8444626691,18.3954723294,17.9383238856,201.869510824,400305,12544522,72570696,5.78505071776,31.3374102247,18.1542190288,14.7968172881,110.88505405,176757,6713285,38047982,5.66756543183,37.9803062962,48.2005456345,14.4082963855,104.121901573,174351,8820831,50136504,5.68387536276,50.5923740042,18.0458054349,35.0901179265,99.5371071048,1837,140120,820564,5.85615186983,76.2765378334,18.405652298,16.8855266914,16136.168998
funny,768741,13590499,77704436,5.71755577187,17.6789048587,23.2552167511,13.8548996619,287.259503864,38405,746472,4331189,5.8022122732,19.4368441609,22.8769464896,14.0259782015,76.3591936469,36610,691171,3903782,5.64806972515,18.8792952745,24.1966170456,19.4785371493,130.213796586,315149,5332906,30861573,5.78700862157,16.921856011,22.5580574644,14.0212484525,166.888371931,179926,4327921,23768408,5.49187658462,24.0538943788,62.7185662585,13.4306980187,73.0142717485,123232,3718005,20599632,5.54050680405,30.1707754479,21.8353660095,46.665617717,76.3850505849,942,55319,334034,6.0383231801,58.7250530786,17.5708165368,12.3104177588,70572.4976952
DotA2,368011,9069760,51660772,5.69593594538,24.6453502749,27.7886074163,17.3989168401,24.0359171577,17814,431719,2457163,5.69157947647,24.2348153138,26.7002378862,19.2439989901,37.0611439385,16259,382182,2128456,5.56922094709,23.50587367,27.5183027981,25.4486082547,54.9476427461,196943,4938191,28809762,5.83407203164,25.0742143666,27.2217093264,17.6084724143,25.31291317,114158,3814536,20700617,5.42677195863,33.4145307381,56.2590050271,16.3023759639,21.4967167697,83794,3375240,18335402,5.43232540501,40.2802109936,26.6721773859,43.0170891551,19.5541650372,203,10303,57799,5.60991944094,50.7536945813,24.2647772493,18.1500533825,21158.8857614
videos,576550,15046896,88434137,5.87723454724,26.0981632122,24.4987404711,14.2033280485,82.0102697593,28675,789547,4595617,5.82057432933,27.5343330427,24.8370268014,14.9161481204,81.0591389746,24460,621282,3496630,5.62808837211,25.3999182339,24.3238980044,20.0247230726,197.97772992,250692,7320002,44772984,6.11652619767,29.1991846569,23.3805947048,13.4650236434,65.9835885291,164155,5330912,30499943,5.72133679941,32.4748682647,54.0950591569,13.9184439736,75.0340654657,114190,4327117,24223334,5.59803074426,37.8940099834,23.0647796212,41.4636350254,94.0580067514,993,63566,384743,6.05265393449,64.0140986908,21.2377686184,15.9047289431,19412.8936853
movies,482486,13685708,77026512,5.62824458917,28.3649846835,27.7935200722,14.7611654435,74.2380299214,23846,729020,4161866,5.7088502373,30.5720036903,27.0129763244,14.8281254287,100.134427039,23578,662722,3736435,5.63801262068,28.1076427178,26.3111832714,18.6277202205,89.0267714064,241822,6990359,39449916,5.64347496316,28.9070431971,27.8682396712,14.7444501777,78.9659014651,164725,5905597,32758596,5.54704223807,35.8512490514,54.1902876204,14.0818955306,56.8951792681,111640,4730708,26278162,5.55480532724,42.3746685776,26.4015449696,37.7854646704,76.9440853251,823,80072,458711,5.72873164152,97.2928311057,21.9427515236,15.4236187431,12688.5802778
pics,613093,11858239,67537135,5.69537643827,19.3416643152,25.0897287531,13.4669237144,153.985764665,30120,674005,3892041,5.7744987055,22.3773240372,23.5947804542,12.9361058152,164.687205585,28093,571895,3263272,5.70606842165,20.3572064215,24.7580412488,18.8496140026,241.303036397,218475,4050195,23580678,5.82210930585,18.5384826639,24.0946423567,13.4800916993,167.646249131,160873,4117968,23170182,5.62660564628,25.5976329154,61.380272989,12.4345308171,148.374149581,99750,3324128,18404954,5.53677656215,33.3245914787,22.4347558217,43.5458562366,181.701787657,1456,74034,432304,5.83926304131,50.8475274725,20.1664100278,16.6815247049,24664.3434098
soccer,427877,9165220,51612139,5.63130388578,21.4202212318,28.1843752796,13.1933548786,17.784624919,20975,452291,2574125,5.69130272325,21.5633373063,27.6613949869,14.1457601411,11.0548297446,20817,440409,2457850,5.58083508738,21.1562184753,28.598416472,15.8806927197,22.7061663136,241648,5008610,28443073,5.67883564502,20.7268837317,27.9856087817,13.2024653547,16.172151555,133258,3884646,21330298,5.49092452697,29.1513154933,58.3793220798,11.7640062956,16.732541395,80043,2504099,13741816,5.48772871999,31.2844221231,25.7729426832,43.7762245023,24.3600592469,150,6921,41571,6.00650195059,46.14,22.9735587343,16.3271203583,23551.5098974
pcmasterrace,502887,11921157,67713842,5.68014010721,23.7054387964,26.5013706304,9.59378355641,11.6599420677,24257,584418,3343591,5.72123206335,24.09275673,23.9828342043,11.9725949577,25.6665605782,17213,447986,2540328,5.67055220476,26.0260268402,23.9828923225,13.8240927172,13.3932756827,281316,6807440,39366056,5.78279882011,24.1985525175,25.4177781956,9.18759474927,9.25458028275,160564,4550412,24968107,5.48699919919,28.34017588,59.1546435795,9.0330282181,11.8670573126,72111,2546737,13857389,5.4412328403,35.3169003342,23.7244756722,38.8308647497,15.3137131946,131,9880,54937,5.56042510121,75.4198473282,26.8218623482,15.8906882591,14068.8259109
gaming,356731,7651040,42395573,5.54115166043,21.4476454247,26.4140561283,13.1821294883,28.3621573015,17803,393714,2256055,5.73018739491,22.1150367916,24.408580848,14.3428986523,35.5588066464,14114,297135,1640972,5.52264795463,21.0525010628,25.018930789,16.8946775035,26.9237888502,134943,2744557,15317975,5.58121948278,20.3386392773,25.7921405895,12.9514526388,25.1406693321,101648,3032175,16527310,5.45064516395,29.8301491421,57.1358843075,12.2387395187,23.7453313216,62778,2191249,11929784,5.44428497172,34.9047277709,24.4586534894,41.36681865,22.818036654,202,8179,45826,5.60288543832,40.4900990099,25.5532461181,16.3834209561,26531.3608021
todayilearned,544666,14974066,86362572,5.76747638217,27.4921988889,21.1611194982,12.7904471638,239.146802211,26790,860921,4978185,5.78239466804,32.1359089212,19.8833574741,12.6004592756,216.047697756,20291,551510,3189107,5.78250077061,27.1800305554,21.580751029,17.7820891734,426.102881181,226453,6380840,37420222,5.86446643389,28.1773259793,20.4585916588,12.955504291,267.049479379,140634,4619304,26029550,5.63495063326,32.846281838,52.8135840378,12.5744051485,226.874005261,105011,4415311,25049440,5.67331270662,42.0461761149,20.4008279371,37.6374393559,319.343303337,2698,196500,1167709,5.9425394402,72.8317272053,18.7073791349,16.6666666667,18223.9185751
nfl,1171710,20813845,115489387,5.54868103419,17.7636488551,27.6931532833,17.1781331128,13.8369436305,57716,1256252,7144401,5.68707631908,21.7660960566,26.6761764359,16.5778840551,15.1243540309,45049,988380,5455746,5.51988708796,21.9401096584,26.0476739715,18.9309779639,22.2586454602,673766,11393601,63763214,5.59640573687,16.9103234654,27.5714411976,17.3252512529,13.5163588755,328657,8227712,44478710,5.40596340757,25.0343427951,62.717071283,15.0777032546,10.5740210644,247189,6618967,35885215,5.42157333614,26.7769480033,25.3713306019,50.8727419248,11.93539717,274,8694,48245,5.54922935358,31.7299270073,22.1992178514,17.2532781228,33126.2939959
wow,136385,4851867,26794572,5.52252813195,35.5747846171,24.0738256016,11.8012303305,11.1297362438,6770,215267,1212734,5.63362707707,31.7971935007,22.748493731,13.146464623,18.5815754389,6486,188378,1040321,5.52251855312,29.0437866173,23.681109259,15.0919958806,5.308475512,68033,2467835,13688245,5.54666134486,36.2740875751,23.2754620953,11.8853164819,11.3459773445,44590,1836081,10065901,5.48227501946,41.17696793,49.5054412087,11.1672633179,9.25885078055,28337,1412518,7718207,5.46414771352,49.8471256661,22.6418353607,33.5755013387,16.9909339208,49,2756,15388,5.58345428157,56.2448979592,21.4078374456,18.5050798258,19593.6139332
GlobalOffensive,540139,13061513,74326461,5.69049397264,24.1817624723,23.6128081027,13.1225991966,10.7950740469,26209,627678,3556504,5.666128174,23.9489488344,24.9809615758,14.2541239298,17.5249092688,21229,472542,2595935,5.49355401213,22.2592679825,25.3861032458,18.1338378388,8.46485603396,302004,7534254,44054009,5.84716270516,24.9475304963,22.0113364906,12.8710818616,12.0781699157,148970,4587392,24825532,5.41168751221,30.7940659193,56.123174126,12.9430840007,8.28357376043,99086,3733701,20192093,5.40806374158,37.681418162,23.2643160232,39.7222487821,11.248892185,138,4714,26110,5.53882053458,34.1594202899,21.6376750106,18.4556639796,29910.9036911
nba,598277,10970577,60568765,5.52101908587,18.3369526156,29.8436445048,15.9281503607,14.1287007967,29349,571303,3243503,5.67737785378,19.4658421071,28.4717566685,16.6479083779,28.0061543524,26340,567160,3123330,5.506964525,21.5322703113,29.2968474505,18.0672120742,33.5002468439,368115,6372952,35183491,5.52075254921,17.3123942246,30.0971982842,16.3964831369,12.3961391832,179839,4844012,26261178,5.42136931122,26.9352698803,61.0473301883,13.7637974472,8.67049875186,121067,3315793,17984356,5.42384762861,27.3880826319,27.3705264472,49.1508366174,11.4603052724,148,3628,20676,5.69900771775,24.5135135135,23.980154355,15.4355016538,42723.2635061
gifs,338767,5693489,32382920,5.6877109976,16.8065041754,23.5073783404,13.6863353912,39.6944650284,16817,306491,1775392,5.79263991439,18.2250698698,22.924001031,14.3658378223,19.5764312818,14075,240940,1359108,5.64085664481,17.118294849,24.3255582303,19.399020503,83.0082178136,107642,1755558,10271312,5.85073919517,16.3092287397,20.974527757,11.9659959967,47.848034642,77414,1759560,9680766,5.50181067994,22.7292221045,64.4291754757,13.4209688786,45.4659119325,52537,1496847,8204319,5.48106720326,28.4912918515,21.8566092593,48.2567690619,48.1011085301,208,9329,52676,5.64647872226,44.8509615385,24.6543037839,18.0083610248,24225.5332833
relationships,337561,20655194,113261599,5.48344397056,61.1895153765,25.0720472536,14.0445546045,12.2003211396,16683,1232130,6655324,5.40147874007,73.8554216867,23.6492902535,15.1274621996,26.7828881693,14865,717364,3865457,5.38841787433,48.2585940128,24.2498926626,14.929659141,23.6978716523,195905,10907710,61158386,5.60689512281,55.678568694,23.7148769082,13.8344345422,11.459783951,123291,8922633,47807505,5.35800419002,72.3705136628,43.042900005,13.6693955697,8.18144150947,100949,7920545,42688047,5.38953405353,78.4608564721,24.3444106435,29.0049485231,13.5091714017,173,18038,101276,5.61459141812,104.265895954,21.1775141368,15.0792770817,13970.5067081
Showerthoughts,243884,4863025,27336726,5.62134186026,19.9399099572,22.2225877926,12.351160029,59.2223975818,12067,277334,1572892,5.67147194358,22.9828457777,21.4037947024,13.0023725905,61.2979295723,8471,186384,1049132,5.62887372307,22.002597096,22.2712249979,16.3426045154,107.305348099,86227,1535574,8734972,5.68840837368,17.8085054565,21.3027831938,12.3081010749,74.2393398169,57456,1548981,8546378,5.51741951644,26.9594298246,58.2815412197,11.8716756371,60.0394711104,38368,1269287,6973140,5.49374570133,33.0819172227,20.831380137,42.7247738297,72.4816373287,245,14295,82026,5.73809024134,58.3469387755,20.5666316894,16.2294508569,20146.9045121
MMA,258384,5720807,31789399,5.5568032622,22.1407169175,26.7734954177,20.3329705057,24.8216728864,12522,289076,1613098,5.58018652534,23.0854496087,27.0067387123,21.4753213688,38.0522769099,12012,286949,1578348,5.50044781477,23.8885281385,25.7014312648,22.3070998679,45.3042178227,145290,3133858,17499947,5.58415441925,21.5696744442,26.1785952012,20.5963384429,28.3994999135,77554,2308737,12570304,5.44466693261,29.7694122805,57.0277168859,19.2200324247,16.0260783277,70105,2480844,13493616,5.43912313713,35.3875472506,24.9640848034,44.30508327,16.9297223042,132,3970,21826,5.49773299748,30.0757575758,20.40302267,19.1435768262,35768.2619647
olympics,267,12119,72561,5.98737519597,45.3895131086,21.2888852216,8.00396072283,0.0,13,764,4556,5.96335078534,58.7692307692,20.942408377,9.16230366492,0.0,11,177,1086,6.13559322034,16.0909090909,16.9491525424,22.5988700565,0.0,58,3699,21021,5.68288726683,63.775862069,23.5198702352,10.5433901054,0.0,69,3664,20643,5.63400655022,53.1014492754,48.5807860262,7.36899563319,0.0,45,2040,11757,5.76323529412,45.3333333333,20.5882352941,30.3921568627,0.0,1,1,0,0.0,1.0,0.0,0.0,0.0
hearthstone,206463,6338883,35977364,5.67566304663,30.7022711091,26.4825837612,13.9977343011,5.52147752214,10174,299726,1704741,5.68766473379,29.4599960684,25.249728085,14.9870214796,0.0,8904,240500,1328252,5.52287733888,27.0103324349,25.0810810811,16.7276507277,20.79002079,107364,3344148,19410723,5.80438515281,31.1477590254,25.7180603251,13.9255200428,3.58835793153,69128,2691875,14795936,5.49651674019,38.9404438144,51.9433480381,12.9913164616,3.71488274901,47398,2107189,11806812,5.60311011494,44.4573399722,24.6541719798,36.9141068979,8.06761994297,30,1563,8950,5.72616762636,52.1,19.833653231,23.0326295585,22392.834293
DestinyTheGame,332125,11225070,61019684,5.43601812728,33.7977267595,24.2485792962,12.2506140274,3.207106949,15166,532926,2968769,5.57069649445,35.1395226164,22.8324382747,13.4596548114,1.8764331258,13707,449212,2452446,5.4594400862,32.7724520318,23.0025021593,15.17323669,6.6783612192,174698,6009351,32803153,5.4586848064,34.3985105725,23.7087166318,12.2192895705,2.99533177543,110383,4259191,22982674,5.39601863359,38.5855702418,50.6262809064,11.6188731616,3.75658194244,72699,3414851,18430374,5.39712391551,46.9724617945,22.500835322,34.0741074794,4.39257818277,34,2330,13228,5.67725321888,68.5294117647,24.4635193133,24.4635193133,15450.6437768
BigBrother,2633,83733,461537,5.51200840768,31.8013672617,29.8209785867,11.5605555755,0.0,122,3371,18414,5.46247404331,27.631147541,26.9949569861,18.095520617,0.0,94,1948,10676,5.48049281314,20.7234042553,33.8809034908,15.9137577002,0.0,1167,39377,216968,5.51001853874,33.7420736932,30.322269345,11.4279909592,0.0,957,43008,233746,5.43494233631,44.9404388715,50.8510044643,10.9281994048,0.0,505,23894,129864,5.43500460367,47.3148514851,28.2916213275,34.1089813342,0.0,1,1,0,0.0,1.0,0.0,0.0,0.0
pokemontrades,82566,1638801,9462582,5.77408849519,19.8483758448,33.5849197065,7.41212630454,0.610202214912,3590,66786,378618,5.66912227113,18.6033426184,37.1185577816,8.31012487647,14.9731979756,149,4290,24933,5.81188811189,28.7919463087,25.8741258741,11.8881118881,0.0,45090,1028435,6146513,5.97656925328,22.8084941229,31.3097084405,7.24596109623,0.972351193804,31641,785405,4534583,5.77356013776,24.822382352,65.5839980647,7.09824867425,1.27322846175,7573,218447,1229966,5.6305007622,28.8455037634,26.601418193,43.3835209456,4.57776943606,1,14,92,6.57142857143,14.0,71.4285714286,71.4285714286,71428.5714286
WTF,319110,5615873,31483896,5.60623361675,17.5985490897,22.3333041897,16.3746580452,48.0780103111,15900,326781,1876096,5.74114162084,20.5522641509,21.3047882221,16.5034074809,42.8421481053,13340,257433,1449369,5.63008239037,19.297826087,21.8581145385,20.4596924248,50.4985763286,114457,1937858,10922088,5.63616529178,16.9308823401,21.7688808984,16.3020200655,57.2797387631,73268,1693731,9291935,5.48607482534,23.1169268985,62.6191526281,15.3643051937,43.100114481,59770,1819364,9946493,5.46701649587,30.4394177681,20.0729485688,47.1631844974,49.467836013,246,9520,54457,5.72027310924,38.6991869919,20.0630252101,18.6974789916,28361.3445378
AdviceAnimals,368834,10127551,56335481,5.5625966238,27.4582901793,22.371252438,14.2307849153,45.1244333403,18148,547327,3019348,5.51653399156,30.1590808905,22.0325326542,15.1627820298,36.5412267255,15212,419764,2349780,5.59785974976,27.5942676834,22.5579134942,18.1268522313,76.2333120515,153588,3997759,22561581,5.64355705284,26.0291103472,21.7949606267,14.0941462454,41.5232634083,98716,3400097,18644985,5.48366267198,34.4432209571,52.4532094231,13.7560781354,44.7046069568,79964,3315927,18154519,5.47494531695,41.4677479866,21.2679591559,38.2770790792,49.7598409133,378,23741,135527,5.70856324502,62.8068783069,23.1666736869,17.1854597532,19249.3997725
anime,231368,6937260,41106225,5.92542660935,29.9836623907,30.3164361722,11.8517973955,20.9016239841,11444,307515,1950476,6.34270198202,26.8712862635,28.7693283254,13.1278149033,45.5262344926,10287,289747,1670259,5.76454285981,28.1663264314,28.2729415663,15.941493786,20.7077208737,143747,4490677,26980887,6.00820032258,31.2401441421,29.8175531217,11.6055997793,19.1507872866,85445,3382131,19537209,5.77659735829,39.5825501785,53.6150137295,11.3830599702,20.6970102577,43357,1931790,10977574,5.6825917931,44.5554351085,28.7696902872,35.7492274005,27.9533489665,119,13831,79056,5.7158556865,116.226890756,26.7515002531,20.6058853301,10483.6960451
CFB,374885,7255174,40474619,5.57872478317,19.3530656068,27.7662534351,15.3269928468,10.0617848724,18684,421281,2404280,5.70706962811,22.5476878613,26.7327508243,15.9252375493,14.2422753459,14065,324297,1796506,5.53969355252,23.057020974,26.7470867754,17.0214340558,18.5015587563,205393,3904204,21921531,5.61485286117,19.0084569581,27.4475923902,15.060432293,12.0383053754,109885,2918676,15891136,5.4446385964,26.5611866952,61.2770996164,14.019713048,6.16717991308,75883,2138628,11634584,5.44020933047,28.1832294453,26.3538118831,48.3894347217,9.81937952744,68,2138,12124,5.67072029935,31.4411764706,17.7736202058,20.5799812909,34144.059869
GlobalOffensiveTrade,373717,8653507,56993316,6.58615241196,23.1552404627,17.2612098193,3.40682685066,1.50228109829,6328,108049,588287,5.44463160233,17.0747471555,26.4324519431,12.7627280215,0.0,7074,85695,473114,5.52090553708,12.1140797286,27.5395297275,11.2491977362,0.0,230874,7265814,49454411,6.80645155519,31.4709062086,14.4395383642,2.11029349224,0.963415798973,63769,999831,5267174,5.26806430287,15.6789505873,85.8585100882,8.91750705869,4.00067611426,24861,450731,2329029,5.16722612822,18.1300430393,26.1952250899,63.5700672907,2.21861820021,13,161,900,5.5900621118,12.3846153846,43.4782608696,6.21118012422,80745.3416149
hiphopheads,186635,3488558,19494480,5.58811979047,18.6918745144,31.723136035,16.3870000155,53.890461331,9286,195309,1091091,5.58648602983,21.0326297652,29.4507677578,17.0857461766,102.401835041,8438,171212,937229,5.47408476041,20.2905901872,28.905684181,21.6281569049,58.4071209962,107790,1971138,11102381,5.63247271373,18.2868355135,31.6020491716,16.5965041514,50.2247940022,59700,1611850,8771084,5.44162546143,26.9991624791,62.51574278,14.7619195335,29.1590408537,37825,1103206,6008135,5.44606809608,29.166054197,29.2556421919,48.5439709356,64.3578805772,154,6741,40291,5.97700637888,43.7727272727,19.5816644415,18.691588785,27889.0372348
friendsafari,71685,655148,3872735,5.9112368503,9.13926204924,17.3166979064,4.07999413873,0.0,1661,9128,46543,5.09892638037,5.4954846478,36.5907099036,4.60122699387,0.0,62,1092,6992,6.40293040293,17.6129032258,6.41025641026,4.57875457875,0.0,25395,416860,2703427,6.48521565993,16.4150423312,8.31454205249,3.32485726623,0.0,9705,91084,451586,4.95790698696,9.38526532715,120.789600808,4.68798032585,0.0,1707,24158,121464,5.02789966057,14.1523140012,20.5728951072,75.9996688468,0.0,1,1,0,0.0,1.0,0.0,0.0,0.0
TheSilphRoad,1754,38597,222043,5.75285643962,22.0051311288,25.2351219007,2.40951369277,0.0,75,3670,21242,5.78801089918,48.9333333333,23.9782016349,4.63215258856,0.0,9,74,535,7.22972972973,8.22222222222,54.0540540541,13.5135135135,0.0,281,9667,62861,6.50263784007,34.4021352313,23.8957277335,2.89645184649,0.0,544,14434,78872,5.46432035472,26.5330882353,58.0573645559,2.21698766801,0.0,64,1916,10547,5.50469728601,29.9375,21.9206680585,36.5344467641,0.0,1,1,0,0.0,1.0,0.0,0.0,0.0
Games,143260,6135236,34465757,5.61767420194,42.8258830099,25.0800458206,11.3115453097,7.33468117608,7103,422567,2397425,5.6734789986,59.4913416866,25.35219267,11.4301400725,2.36648862784,6094,247900,1391307,5.61237192416,40.6793567443,23.7555465914,13.7071399758,8.0677692618,73622,2691331,15272213,5.67459483802,36.5560701964,24.3258818778,11.3653801781,6.31657718802,47602,2584580,14361220,5.5565004759,54.2956178312,45.3149060969,11.1507478971,8.12511123664,29523,1804236,10000380,5.54272279236,61.112895031,24.4796135317,30.4006792903,7.20526582997,41,5655,31906,5.64208664898,137.926829268,21.2201591512,13.9699381079,7957.5596817
stevenuniverse,113162,2936377,17405140,5.92742008264,25.9484367544,23.9635441907,10.4111290887,21.4550107156,5454,136039,794626,5.84116319585,24.9429776311,24.8531671065,11.4158439859,7.35083321695,4360,127955,732967,5.72831854949,29.3474770642,23.3285139307,13.6532374663,62.5219803837,68181,1774740,10704656,6.03167562573,26.029832358,23.4834398278,10.6150760111,21.4115870494,32624,1046277,5921178,5.65928334466,32.0707761157,55.1421851001,10.51729131,19.1153967831,17461,697969,3931773,5.6331627909,39.9730255999,23.4795528168,37.2523708073,30.0872961407,60,5919,33540,5.66649771921,98.65,18.0773779355,17.4015881061,10643.6898125
pokemon,63586,1620848,9134155,5.63541738645,25.4906425943,26.4503519146,10.1625815622,8.02049297652,3164,74275,425264,5.72553349041,23.4750316056,25.7287108718,12.1844496802,13.4634803097,1641,34125,198694,5.82253479853,20.7952468007,23.2087912088,13.2161172161,0.0,31299,850646,4847473,5.69857849211,27.1780568069,25.4383139402,10.3756439224,5.87788574801,20106,647606,3584279,5.534659963,32.2095891774,56.378415271,9.70034249219,9.26489254269,9599,375995,2077236,5.52463729571,39.1702260652,24.6466043431,37.6255003391,7.97882950571,12,1221,6861,5.61916461916,101.75,23.751023751,9.82800982801,10647.010647
baseball,103594,2634379,14917576,5.66265370321,25.4298414966,24.9713499842,11.6589146816,20.8777856185,4993,117684,668574,5.68109513613,23.5697977168,22.8578226437,12.8479657388,50.9839910268,4425,118447,659597,5.56871005597,26.7676836158,24.8718836273,14.369295972,33.7703783127,55211,1401894,8004639,5.70987464102,25.3915705204,24.7508014158,11.69845937,22.8262621853,31450,1017973,5632490,5.53304458959,32.3679809221,54.2018305004,11.1122790094,17.6821978579,18916,671333,3688935,5.49494066283,35.4902199196,23.8182839217,39.8967427491,22.3436059303,54,1790,9948,5.55754189944,33.1481481481,22.3463687151,11.7318435754,30726.2569832
buildapc,153056,6261798,39360500,6.28581439388,40.9118100564,22.1537009019,5.54792728862,2.87457372467,6420,287613,1762409,6.12770980449,44.7995327103,21.5671753363,7.48575342561,6.95378859787,6030,236900,1516820,6.40278598565,39.2868988391,19.8902490502,7.72477838751,4.22119037569,88694,3877241,25457028,6.56575848651,43.7148059621,20.2030258114,5.21865935081,1.28957678927,55479,2090810,11559085,5.52852004725,37.6865120136,51.1806429087,5.89675771591,6.2176859686,19034,788952,4301676,5.45239254099,41.4496164758,22.9773167442,32.1363023352,12.6750423346,11,809,4383,5.41779975278,73.5454545455,34.6106304079,13.5970333745,22249.6909765
2007scape,151285,3304724,18059891,5.46487119651,21.8443599828,25.7982209709,14.044440625,15.1298565326,7229,155094,848596,5.47149470644,21.4544196984,26.2743884354,15.5002772512,51.5816214683,6118,127865,691893,5.41112110429,20.8998038575,22.6879912408,17.6123254996,7.82074844563,85534,1913251,10593168,5.53673720803,22.368309678,25.0955049808,13.9265574668,18.8161406946,43751,1237773,6632088,5.35808100516,28.2913076273,58.6569589093,13.659208918,14.5422464378,28692,1007036,5400766,5.3630317089,35.0981458246,24.0229743525,42.1633387486,17.8742368694,44,1685,9471,5.62077151335,38.2954545455,21.9584569733,18.3976261128,29673.5905045
fantasyfootball,25106,715474,3881105,5.42452276393,28.4981279375,25.0002096512,10.4993333091,2.79534965631,1191,32585,177450,5.44575725027,27.3593618808,25.9628663495,11.6004296455,0.0,967,24578,132905,5.40747823257,25.4167528438,23.4762795996,14.4031247457,0.0,9866,288717,1583915,5.48604689021,29.2638353943,24.8790337943,10.0063383867,3.46359930312,7881,285691,1524036,5.3345607667,36.2506027154,51.7867206177,9.77979705346,3.50028527325,4560,170241,905773,5.32053383145,37.3335526316,24.0717570973,37.6525043908,5.874025646,2,35,280,8.0,17.5,28.5714285714,57.1428571429,57142.8571429
aww,154292,2344287,13299186,5.67301955776,15.1938337697,29.1730492043,12.2429548942,48.2022892248,7596,145749,830873,5.70071149716,19.1875987362,26.33294225,13.7016377471,34.3055526968,6000,90514,511348,5.64938020638,15.0856666667,27.2444041806,19.7980422918,143.624190733,39380,529857,3279317,6.18906044461,13.4549771458,23.7856629241,9.4440575476,37.7460333637,42180,865951,4677246,5.4012825206,20.5298956852,71.6356930127,11.6068923068,45.037190326,19684,564522,3049108,5.40122085587,28.6792318634,24.994597199,47.1691094413,37.199613124,106,3064,17686,5.77219321149,28.9056603774,26.4360313316,13.7075718016,36879.8955614
Fitness,169802,7208154,44115848,6.12026990544,42.4503480524,20.8372351645,10.2662900931,3.05209905338,8000,320517,1768268,5.51692421931,40.064625,21.4902797668,12.9509511196,3.11995931573,6228,209467,1174933,5.60915561878,33.6331085421,22.2994552841,13.2717802804,4.77402168361,92589,4112335,27252548,6.62702527883,44.4149412997,18.2453520932,9.4941195209,3.64756275936,53918,2284191,12519005,5.480717243,42.364164101,48.6798170556,10.5043755098,3.50233408677,35703,1920506,10817237,5.63249320752,53.7911660085,20.4654398372,31.5593911188,4.16556886571,22,1513,8272,5.46728354263,68.7727272727,23.1328486451,11.8968935889,14540.6477198
jailbreak,58302,1557199,9190367,5.90185775871,26.7091866488,20.6524663836,6.82122195044,1.92653604324,2675,77990,442585,5.67489421721,29.1551401869,23.4645467368,8.74471086037,12.8221566868,2766,53285,296618,5.56663226049,19.2642805495,22.0512339307,10.2843201651,0.0,32514,967633,5910248,6.10794381754,29.7605031679,18.638264714,6.20896558923,3.10034899595,15673,417164,2368610,5.67788687423,26.6167294073,58.3487549261,7.2369619622,2.39713877516,6438,214880,1180466,5.49360573343,33.376825101,20.8581533879,38.9938570365,4.65376023827,3,395,2189,5.5417721519,131.666666667,22.7848101266,10.1265822785,7594.93670886
