subreddit,num_comments,num_words,num_chars,avg_word_length,avg_words_per_comment,positive_score,negative_score,godwins_score,num_comments_topcom,num_words_topcom,num_chars_topcom,avg_word_length_topcom,avg_words_per_comment_topcom,positive_score_topcom,negative_score_topcom,godwins_score_topcom,num_comments_botcom,num_words_botcom,num_chars_botcom,avg_word_length_botcom,avg_words_per_comment_botcom,positive_score_botcom,negative_score_botcom,godwins_score_botcom,num_comments_topauth,num_words_topauth,num_chars_topauth,avg_word_length_topauth,avg_words_per_comment_topauth,positive_score_topauth,negative_score_topauth,godwins_score_topauth
jailbreak,163864,4377968,28610381,6.53508225734,26.7170824586,19.9243119182,5.64462782734,9.1366588335,4210,114050,694924,6.09315212626,27.0902612827,24.3314335818,8.48750548005,0.0,3465,59170,348773,5.89442284942,17.0764790765,23.6099374683,11.9655230691,169.004563123,35643,1608728,10631642,6.60872565157,45.1344724069,13.8600185985,4.27418432451,0.0
Fitness,165944,6565881,39705922,6.04731063508,39.5668478523,21.4618571369,10.35672136,33.5065469508,8463,305413,1684762,5.51634016889,36.0880302493,22.3205953905,13.1363105041,32.7425486145,5662,180246,1011939,5.61421057888,31.8343341575,21.9422345017,13.0210933946,166.43919976,38220,1725784,13094095,7.58733132304,45.1539508111,13.8290771035,7.08895203571,40.5612753392
aww,167730,2508958,13995837,5.57834646893,14.958313957,30.6984014878,11.8312064212,207.257355444,8439,167942,938468,5.58804825475,19.900699135,27.4559073966,11.8076478784,535.899298567,5669,79096,443219,5.60355770203,13.9523725525,28.97744513,17.8517244867,252.857287347,22354,180529,1185424,6.56639099535,8.07591482509,20.0687978109,7.31738391062,0.0
fantasyfootball,167854,5502581,29771216,5.41040940606,32.7819474067,25.8366028596,8.54962425814,27.2599349287,5519,183777,997036,5.42524907905,33.2989672042,23.9529429689,11.2690924327,0.0,4997,129344,699281,5.40636596982,25.8843305984,23.6191860465,12.5015462642,77.3132112815,18755,498726,2955606,5.9263122436,26.591628899,21.8316269856,7.82193027835,0.0
2007scape,168530,3741956,20395283,5.45043367693,22.2035008604,25.8124360629,14.3630764231,152.326751036,8707,197759,1097582,5.5500988577,22.7126449983,25.5462456829,15.9133086231,303.399592433,6806,138089,757598,5.48630231228,20.2893035557,24.7231857715,19.1760386417,289.668257428,40766,805902,4560600,5.65900072217,19.7689741451,24.6345089105,13.4110599055,186.12684917
buildapc,175307,7246616,46443197,6.40894963939,41.3367178721,22.6512623271,5.10155360792,4.13986335139,6069,259344,1556006,5.99977635881,42.7325753831,22.0402245666,6.55500030847,0.0,5195,189636,1222222,6.44509481322,36.5035611165,20.1913138855,7.59876816638,0.0,28269,1145538,8045804,7.02360288354,40.5227634511,19.3027206431,4.6423601836,8.72952272207
baseball,179658,3554151,19880404,5.59357326124,19.7828707878,26.7540686932,13.3007854759,135.053350294,11968,218076,1230513,5.64258790513,18.2215909091,26.7246281113,15.0727269392,229.277866432,9839,213905,1180280,5.51777658306,21.7405224108,25.992847292,15.8481568921,46.7497253454,49660,927925,5318193,5.7312746181,18.6855618204,24.9901662311,12.3824662554,140.097529434
pokemon,183253,4432117,24947418,5.62878146042,24.185781406,28.1247088017,11.4056104566,72.2002600563,11538,277001,1593455,5.75252435912,24.0077136419,27.8410547254,13.8374951715,36.1009527041,6875,162130,905111,5.58262505397,23.5825454545,26.8549929069,14.9879726146,308.394498242,26611,503651,2889377,5.73686342328,18.9264214047,24.8028893023,10.9778398137,99.275093269
stevenuniverse,185175,4650973,27109988,5.82888526766,25.116635615,24.5658274086,12.1589611464,328.963423352,10487,294684,1714468,5.81798808215,28.0999332507,25.2338097759,13.0512684774,203.607932565,6377,177879,1023542,5.75414748228,27.8938372275,22.7233119143,15.4880564878,1630.32173556,43256,1004346,6140509,6.11393782621,23.2186517477,22.0422045789,11.7200645993,378.355666274
Games,188406,7875806,44182822,5.60994290616,41.8023099052,24.4913346012,11.1366379517,140.937956064,9145,494605,2813224,5.68781957319,54.0847457627,23.9019015174,11.0310247571,222.399692684,8995,366941,2055343,5.60129012566,40.7938854919,23.1890140377,13.7270024336,381.53272597,62990,1838512,10537522,5.73154920936,29.1873630735,23.5027021852,10.5824710418,81.5877187639
TheSilphRoad,194783,7048702,38903887,5.51929802111,36.1874598913,20.8678136769,8.41984807983,36.886223875,23507,958953,5346092,5.57492598699,40.7943591271,21.2241892981,9.37063651712,52.1401987376,16421,551799,3043372,5.51536338413,33.6032519335,20.5310266963,9.62488152389,36.2450819954,12535,45833,312412,6.81631139136,3.65640207419,14.5091964305,3.94911962996,0.0
friendsafari,195778,1038810,5511639,5.30572385711,5.30606094658,25.8343681713,6.08292180476,0.0,6215,31344,160588,5.12340479837,5.04328238134,29.9578866769,4.46656457376,0.0,64,716,3768,5.2625698324,11.1875,32.1229050279,13.9664804469,0.0,12236,192678,1303275,6.76400523153,15.7468126839,0.192030226596,11.2623132895,0.0
hiphopheads,204387,4013808,22317701,5.56023133144,19.6382744499,31.1846007582,16.4327740639,181.872177244,8672,202920,1119460,5.51675537158,23.3994464945,29.5042381234,17.0362704514,197.122018529,6828,138199,764901,5.53477955702,20.2400410076,28.2057033698,22.5689042612,0.0,65940,1192591,6886835,5.77468302209,18.0860024264,30.5871837034,15.9417604191,251.553130956
GlobalOffensiveTrade,207078,5407161,35503749,6.56606100688,26.111711529,15.4160381021,3.45856171103,35.1385875139,4868,94207,521621,5.53696646746,19.3523007395,28.5859861794,12.9395904763,1061.4922458,5089,60550,335749,5.54498761354,11.8982118294,24.8554913295,11.8414533443,165.152766309,73769,3728505,25968818,6.96494117616,50.542978758,11.1183973201,1.13208913492,18.7742808445
CFB,215738,5416370,30618603,5.65297477831,25.1062399763,26.1173073479,12.9599713461,156.93167195,12213,280958,1624460,5.78186063397,23.0048309179,24.98950021,16.3084873896,320.332576399,7036,199597,1114766,5.58508394415,28.3679647527,24.6646993692,13.9881861952,150.302860263,79877,1952030,11132558,5.70306706352,24.4379483456,25.4114947004,12.7749061234,169.054778871
anime,226637,7203121,42548600,5.90696727155,31.782634786,30.1366588178,11.9407962188,159.653017074,11501,324141,2002818,6.17884809389,28.1837231545,29.4902526987,13.8921025109,215.955402124,10420,314873,1835166,5.82827362143,30.2181381958,28.8783096677,15.472904949,349.347197124,71449,2347357,14386681,6.12888495444,32.8536018699,29.1932586309,10.6570922105,127.803312406
AdviceAnimals,243666,6699959,37128547,5.54160809044,27.4964869945,22.3680473269,14.4348644522,459.704305653,12192,369349,2032763,5.50363748108,30.2943733596,21.8438387541,14.9858264135,568.567939808,8660,230599,1297207,5.62537998864,26.6280600462,22.3114584192,18.8075403623,650.479837293,60656,1353617,7668169,5.66494732262,22.3162918755,21.0864668514,14.220418331,487.582528884
WTF,245307,4507043,25207138,5.59283281744,18.3730712943,21.6725245355,16.2254941877,1124.90606369,12280,275112,1562081,5.67798205822,22.403257329,20.4425833842,15.8190118933,799.674314461,10629,198094,1108834,5.59751431139,18.6371248471,21.8532615829,20.3287328238,1615.3947116,49640,651261,3718937,5.7103634334,13.1196817083,20.5324746914,15.7310202822,1489.41822096
pokemontrades,259593,5450549,31901401,5.85287848985,20.9965176257,32.8150430351,7.25706713214,7.33871028405,11436,220916,1222166,5.53226565753,19.3175935642,35.2260587735,7.42363613319,45.2660739829,470,11324,68193,6.02198869657,24.0936170213,28.1702578594,8.3009537266,883.080183681,45336,2168568,14291639,6.59035778449,47.8332451032,28.2882528932,6.76667736497,0.0
BigBrother,261612,5002754,27342475,5.46548461108,19.1228001774,28.1828768714,15.9536127501,51.9713741671,23879,582928,3200806,5.49091139901,24.4117425353,28.2007383416,18.0879971454,51.4643317871,7992,173719,947551,5.45450411296,21.7366116116,27.6078034067,21.5865852325,402.949591006,22701,204225,1159807,5.67906475701,8.99629972248,25.9028032807,14.9002325866,97.9312033297
DestinyTheGame,271249,8246687,45377700,5.50253695817,30.4026448024,24.8474326721,11.7009412386,30.3152041541,15417,467600,2648980,5.66505560308,30.3301550237,23.4431137725,13.0581693755,42.7715996578,9355,295373,1616666,5.47330324708,31.5738107964,23.3061247981,14.9268890521,33.8554979636,69824,2075901,11659214,5.61645955178,29.7304794913,23.7342724918,11.3560328744,24.0859270264
hearthstone,275880,8951794,50728564,5.66686007296,32.4481441206,26.0820345062,14.0909185354,60.3231039499,14505,473680,2679715,5.65722639757,32.656325405,25.633338963,15.0122445533,168.890390137,8407,256187,1414037,5.51955017234,30.4730581658,25.2198589312,17.6902028596,273.237908247,70950,2142726,12969947,6.05301237769,30.2005073996,23.3814309436,13.6177000699,60.6703796939
olympics,289338,5855877,33450347,5.71226940047,20.2388797877,25.3244731746,12.5012871684,655.751478387,20738,566888,3248028,5.72957621259,27.3357122191,25.5782447326,12.5227558177,1058.41012687,19317,473896,2717023,5.73337398923,24.532587876,23.0430305383,15.3936728734,1709.23578169,22867,98062,621453,6.33734780037,4.28836314339,18.009014705,9.17786706369,917.786706369
MMA,310192,6828428,37638707,5.51206031608,22.0135528963,26.8307727635,21.1143765446,172.80697695,16462,384920,2119967,5.50755221864,23.3823350747,27.1459004468,23.119089681,233.814818664,14751,340461,1863913,5.4746740449,23.0805369128,26.3730647563,24.0262467654,234.975518488,100881,1911006,10583994,5.5384410096,18.9431706664,25.8685739344,20.7655025678,162.218224328
Showerthoughts,327413,6925624,39010675,5.632802907,21.1525626655,22.8496378088,12.9443931695,554.462673688,16353,410074,2309112,5.63096416744,25.0763774231,22.971463687,13.6877734263,731.575276657,11623,275083,1556076,5.65675087156,23.667125527,22.2296543225,16.7440372542,727.053289371,51004,582376,3491065,5.99452072201,11.4182417065,20.7357446049,12.2360811572,652.499416185
relationships,356811,21785194,120764927,5.54344051285,61.0552757622,24.8085465753,13.6911794313,77.5756231503,21202,1514689,8175801,5.39767635468,71.4408546364,23.8266733303,14.540938767,105.632245299,14185,724685,3906360,5.39042480526,51.0881212548,23.6640747359,14.3828008031,303.580176214,103421,4511649,28188319,6.24789716576,43.6241092235,20.2945752207,11.813418996,50.9791431027
gifs,360697,6376503,36424558,5.71230939592,17.6782812166,23.7332280719,14.3696317558,765.309763047,17612,337574,1945228,5.76237506443,19.1672723143,23.8347740051,14.6841877633,503.593286213,16942,314408,1781965,5.66768339228,18.5579034352,24.5540825933,19.8436426554,1781.12516221,62228,815452,4927543,6.04271373422,13.1042617471,18.1764224013,9.87795725561,380.157262475
nba,363414,7977476,44263986,5.54862039071,21.9514823314,29.4437739455,13.7352967279,193.043514014,20561,433239,2446338,5.64662461136,21.0709109479,28.9286052271,14.176932363,161.573634876,17569,403467,2236311,5.54273583713,22.9647105698,29.5042717248,16.1078849076,272.6369195,114821,2285232,12776123,5.59073345726,19.9025613781,29.4267715488,13.6931392524,227.548012631
GlobalOffensive,408527,9629637,54757520,5.68635349391,23.5716048144,23.7910317907,13.8244048036,158.884493777,24127,554332,3111979,5.61392631131,22.9755875161,25.7914029859,15.47628497,288.635691246,17780,364988,1994131,5.46355222637,20.5280089989,26.2638771686,19.2828257367,301.37977139,131500,3179348,19466868,6.12291199328,24.1775513308,18.8960126416,12.4896676929,160.410247636
wow,432211,13010266,71592581,5.50277611542,30.1016540532,23.8060467019,12.0344195883,106.070083425,23393,687526,3865393,5.62217719766,29.3902449451,23.1322160907,14.7252612992,218.173567254,15863,433247,2387110,5.50981310892,27.3117947425,23.4554422766,16.3324847027,230.815216262,62435,1622823,9255490,5.70332685696,25.9921998879,21.6493111079,11.577356249,135.566232423
nfl,442883,9424679,52527439,5.57339289752,21.2802907314,27.4678851131,15.0302201274,94.4329244529,28973,630864,3609589,5.72165950189,21.7742035688,26.2211823785,16.1239189429,142.66149281,19114,435430,2396118,5.50287761523,22.7806843152,26.0064763567,17.5343912914,160.760627426,175470,3458128,19743733,5.70937021417,19.7078019035,27.1305746924,14.9083550406,60.7264971106
todayilearned,458353,12466550,71906557,5.76795961994,27.1985783883,21.1166682041,12.7507610365,2222.74807385,21470,696008,4030428,5.79077826692,32.417699115,19.9710348157,12.4984195584,2054.57408536,15145,416827,2395973,5.74812332215,27.5224166392,21.6324758233,17.8251408858,3478.66141109,103244,2359642,14034694,5.94780648929,22.8550036806,19.6258584989,12.3552640612,2402.90688164
gaming,461656,10885982,60238504,5.53358475147,23.5802892197,25.4799245488,13.0994153766,426.236236657,21447,503453,2849195,5.65930682705,23.4742854478,24.024089637,14.0489777596,873.964401841,19030,459513,2538789,5.52495576839,24.1467682606,24.3105200506,17.3335683648,391.719059091,89253,1383860,7835899,5.66234951512,15.5049130001,23.3058257338,12.877747749,368.534389317
pcmasterrace,472014,11854218,68353151,5.76614594063,25.1141237336,25.6795513631,9.43740025702,64.1122003999,22753,559829,3173270,5.66828442256,24.6046235661,23.6536513828,12.2180165729,196.488570617,14757,369858,2103134,5.68632826652,25.0632242326,23.3657241428,14.5190857032,54.0748070881,113195,2589219,15893903,6.13849311317,22.8739696983,23.5020676119,8.86097313514,69.5190325731
soccer,512087,10612755,59184011,5.57668682637,20.7245155608,28.6993339618,13.6220990685,239.334649674,25838,543399,3057224,5.62611267227,21.0310008515,28.75603378,14.784716203,404.859044643,24361,499592,2784497,5.57354201028,20.5078609252,28.3091002258,16.353344329,500.4083332,175254,3320993,18702018,5.63145360439,18.9495988679,27.8699774435,13.1484769766,204.75803472
pics,513202,10497941,60387717,5.75233914917,20.4557679043,24.4734657968,13.7285968744,1022.10519187,23775,558706,3244836,5.80777009733,23.4997266036,22.974516114,13.0855942123,1020.21456723,24111,511034,2915979,5.7060371717,21.1950561984,24.4660824916,19.1865903247,1858.97611509,99499,1450668,8916066,6.14617955314,14.5797244193,22.1704759463,12.579032556,889.245506208
movies,539455,15017283,84255268,5.61055338705,27.8378789704,28.0195825037,15.4623176509,569.344001841,26584,842658,4772564,5.66370223744,31.6979386097,26.6608754679,15.4036394362,664.563796938,22548,624397,3511624,5.6240244588,27.6919017208,26.7474058972,19.4860000929,528.509906358,146787,3700658,20921303,5.65340082764,25.2110745502,27.5213218838,15.3021435647,564.76442838
videos,539831,15530138,92414348,5.9506456414,28.7685182955,22.577906262,13.493312165,721.178395195,24961,718083,4105222,5.71691851778,28.7681983895,23.4457576631,14.6807541747,668.446405221,21505,541636,3058394,5.64658552977,25.186514764,23.8204255256,19.3949442061,1495.46928195,145418,4620485,30989611,6.70700391842,31.7738175467,20.6324660723,10.6462849679,547.561565507
DotA2,569483,12201850,68826063,5.64062523306,21.4261883147,28.6380343964,16.1745145203,180.300528199,30790,720627,4076433,5.65678638186,23.4045794089,28.8387751222,15.9153070867,208.152067574,22704,511157,2816591,5.5102267992,22.5139622974,28.5841727688,21.834778747,430.39614052,158898,3288436,19737305,6.00203409767,20.6952636282,26.4104273278,16.0808968154,188.539475909
funny,579473,10300233,58551271,5.68446082725,17.775173304,23.8069371829,13.9507523762,1087.35404335,27734,567665,3254282,5.73275083016,20.4681978799,22.9008305955,13.6066165784,1197.88960038,24470,485773,2741897,5.6443997505,19.851777687,23.7312489578,19.651153934,1935.06020302,144504,1821250,10609455,5.82536993823,12.6034573437,22.1315030885,13.8893617021,889.498970487
news,582458,19320401,111266698,5.75902632663,33.1704620762,18.9869247538,15.1074504095,802.260781233,29169,1114744,6443313,5.78008314016,38.2167369468,18.0947374464,15.6035825266,645.888203928,23517,797931,4593499,5.75676217618,33.9299655568,18.9327147335,18.4640025265,1178.04672334,194906,4365515,25484738,5.83773918999,22.3980534206,17.7972129291,14.7018163951,923.144233842
SquaredCircle,654389,13562176,75974847,5.60196586447,20.7249449486,27.9489810485,14.9105128852,165.165236021,33316,771072,4309928,5.58952730744,23.1441949814,27.7665380146,15.1179137616,155.62749004,24748,551367,3051597,5.53460217967,22.2792548893,26.4651312102,19.2739137453,453.418503465,188436,3719553,21733824,5.84312792424,19.73907852,25.4323570601,13.9460306117,139.801744995
worldnews,677032,23975156,144773325,6.03847270066,35.4121459547,18.7542888146,13.7262506238,2310.30822073,32126,1173679,6982527,5.94926466265,36.5336176306,18.9779317854,14.2781799794,2419.74168406,29961,937436,5500065,5.86713652985,31.288541771,20.6158073724,17.1222355446,3338.89460187,194690,5964626,39743680,6.66323085471,30.636529868,15.4923376587,11.5296415903,2092.33571392
leagueoflegends,706350,19277823,106433883,5.52105302554,27.2921681886,27.9510295327,14.5933490519,77.8096157434,41168,1098835,6188584,5.6319502018,26.6914836766,28.2244376999,14.6873734455,109.206568775,36910,1054227,5741840,5.44649302285,28.5620969927,28.6105364404,17.0380762397,47.4281155766,245455,6367597,35979906,5.65046845772,25.9420138111,26.6844776766,14.3757527369,69.0998503831
The_Donald,717105,15630481,94626355,6.05396308661,21.7966420538,20.9932758947,22.728987035,2898.82313922,50802,1289281,7631052,5.91884313815,25.3785480887,21.0466143533,17.6206738484,2187.26561549,12089,217929,1313830,6.0287065971,18.0270493837,19.2860977658,16.3172409363,2110.77919873,89214,520787,3380068,6.49030793779,5.83750308248,17.8940718566,17.3026592446,2477.02035573
Overwatch,741399,21389315,120119896,5.6158832576,28.8499377528,23.6701829862,14.147110368,104.25766323,77831,1923996,10823876,5.62572687261,24.7201757654,24.3139798627,15.3851671209,207.900640126,26841,786114,4393324,5.58866016888,29.2878059685,24.1568016853,17.9439623261,203.532820939,43730,1218691,8162889,6.69807933266,27.8685341871,5.47636767647,3.27482520179,32.8221017469
pokemongo,757049,18451280,101856014,5.52026818736,24.3726363815,22.3998551862,11.000808616,343.065630135,55466,1425810,7939816,5.56863537217,25.7060181012,22.406912562,12.1075038049,238.460945007,45966,1084544,5979334,5.51322399091,23.5944828786,22.1088309926,14.8726100555,285.834415201,45775,157293,1020489,6.48782208998,3.43622064446,15.2772214911,7.97238275066,381.453720127
NoMansSkyTheGame,789567,23169786,128031427,5.52579238324,29.3449270296,22.6606322562,10.414295583,89.3404885138,46409,1594857,8915412,5.59010118149,34.3652524295,22.3067021056,11.7057516755,112.862783309,44310,1437760,7948156,5.52815212553,32.4477544572,21.4215168039,14.528850434,180.836857334,48682,363601,2141977,5.89100965069,7.46890020952,20.2282171941,9.2408986774,27.5026746351
politics,1465028,50776452,303460551,5.97640321541,34.6590317728,21.2397471174,13.1854427324,1241.71732204,92286,3444087,20536010,5.96268619231,37.3197126325,21.0206652736,14.1143356715,1324.00836564,81164,2607345,15546518,5.96258569541,32.1244024444,21.2127662431,15.3186478966,1622.33996652,324088,8977601,56970277,6.34582412384,27.7011213004,20.4645985047,11.7172727993,1101.63060265
AskReddit,5116323,135309252,753984631,5.57230654856,26.4465812655,21.9462672072,13.5288901013,690.418420168,252860,8925243,48931086,5.48232535518,35.2971723483,20.867891216,14.2793871271,830.229496273,120315,2943781,16526535,5.61405043378,24.4672817188,22.1385354413,17.3100512572,1515.05835522,1374004,31703888,188437870,5.94368331102,23.0740871206,20.2017809298,11.931470361,673.734401282
